tid,mjd,candid,fid,pid,diffmaglim,isdiffpos,nid,distnr,magpsf,magpsf_corr,magpsf_corr_ext,magap,magap_corr,sigmapsf,sigmapsf_corr,sigmapsf_corr_ext,sigmagap,sigmagap_corr,ra,dec,rb,rbversion,drb,magapbig,sigmagapbig,rfid,has_stamp,corrected,dubious,candid_alert,step_id_corr,phase,parent_candid
"ztf",58258.185289400164,"504185284215015006",1,504185284215,20.7413,1,504,0.354751,18.3801,16.302639,"",18.33,"",0.046007,100,0.006789526,0.0608,"",186.4536272,33.5468165,0.626667,"","",18.334,0.0737,"",false,true,false,"","bulk_1.0.0",0,526200864215015040
"ztf",58270.174652799964,"516174654215010001",2,516174654215,20.47096,-1,516,0.3530359,19.162529,16.263706,"",19.2075,"",0.102947064,100,0.0071299244,0.1531,"",186.453662,33.5469623,0.81666666,"",0,19.2645,0.1984,672120242,false,true,false,"","bulk_1.0.0",0,526200864215015040
"ztf",58274.19937499985,"520199374215015012",2,520199374215,20.655275,1,520,0.236141,18.373432,16.054491,"",18.4143,"",0.049356006,100,0.0058312714,0.0709,"",186.4535721,33.5468268,0.78,"",0,18.3652,0.0823,672120242,false,true,false,"","bulk_1.0.0",0,526200864215015040
"ztf",58274.22225689981,"520222254215015004",1,520222254215,20.985851,1,520,0.3444054,18.199097,16.273954,"",18.269,"",0.03708649,100,0.006297362,0.0512,"",186.4535827,33.5468037,0.71666664,"",0,18.2712,0.0611,672120142,false,true,false,"","bulk_1.0.0",0,526200864215015040
"ztf",58280.20086809993,"526200864215015024",2,526200864215,20.486,1,526,0.08218444,18.181093,16.02991,"",18.1888,"",0.0432775,100,0.0059674466,0.0604,"",186.4535499,33.5468817,0.78333336,"",0,18.138,0.0703,672120242,false,true,false,"","bulk_1.0.0",0,544178744215015000
"ztf",58280.2263656999,"526226364215015009",1,526226364215,20.91871,1,526,0.43711624,18.466656,16.314987,"",18.5585,"",0.04718921,100,0.006503918,0.069,"",186.4537,33.5468491,0.8,"",0,18.5999,0.0861,672120142,false,true,false,"","bulk_1.0.0",0,544178744215015000
"ztf",58283.200069400016,"529200064215015023",2,529200064215,20.585648,1,529,0.1915771,18.644753,16.083231,"",18.6468,"",0.06482256,100,0.0061251656,0.0921,"",186.4535852,33.5469463,0.75333333,"",0,18.5832,0.1062,672120242,false,true,false,"","bulk_1.0.0",0,544178744215015000
"ztf",58283.238298600074,"529238294215015006",1,529238294215,20.724653,1,529,0.2363744,18.42853,16.309652,"",18.3889,"",0.047223084,100,0.0067081554,0.0626,"",186.4536354,33.5468712,0.76,"",0,18.3434,0.0726,672120142,false,true,false,"","bulk_1.0.0",0,544178744215015000
"ztf",58286.22211810015,"532222114215015011",1,532222114215,20.754644,1,532,0.43835256,19.152601,16.387438,"",19.2724,"",0.08950668,100,0.007011159,0.1314,"",186.4536972,33.5468549,0.8466667,"",0,19.2643,0.1576,672120142,false,true,false,"","bulk_1.0.0",0,544178744215015000
"ztf",58286.2832986,"532283294215015028",2,532283294215,20.292208,1,532,0.30482593,18.819513,16.098593,"",18.7377,"",0.08024801,100,0.006547357,0.1036,"",186.4534723,33.5469026,0.8433333,"",0,18.6717,0.1196,672120242,false,true,false,"","bulk_1.0.0",0,544178744215015000
"ztf",58289.218622699846,"535218624215015033",2,535218624215,20.001226,1,535,0.40251064,18.701975,16.08851,"",18.8686,"",0.09312357,100,0.008388305,0.1562,"",186.4535297,33.5469999,0.80333334,"",0,18.7861,0.1812,672120242,false,true,false,"","bulk_1.0.0",0,544178744215015000
"ztf",58295.17672450002,"541176724215010002",1,541176724215,19.723503,-1,541,0.34093487,19.302364,16.559517,"",19.1333,"",0.17919515,100,0.014328055,0.2523,"",186.4534518,33.5469148,0.53333336,"",0,19.2115,0.3446,672120142,false,true,false,"","bulk_1.0.0",0,544178744215015000
"ztf",58298.17874999996,"544178744215015007",1,544178744215,19.49351,1,544,0.6061844,19.00412,16.375044,"",19.0123,"",0.1409759,100,0.012517419,0.203,"",186.453744,33.5468163,0.77,"",0,19.1348,0.2876,672120142,false,true,false,"","bulk_1.0.0",0,553224694215015000
"ztf",58307.17758100014,"553177584215015011",2,553177584215,20.254677,1,553,0.052418742,18.177563,16.02942,"",18.1894,"",0.07869108,100,0.010881008,0.0792,"",186.4535784,33.5468787,0.70666665,"",0,18.2541,0.104,672120242,false,true,false,"","bulk_1.0.0",0,553224694215015000
"ztf",58307.224699100014,"553224694215015003",1,553224694215,20.299746,1,553,0.667954,18.502764,16.319893,"",18.6278,"",0.13316715,0.013077974,0.017833993,0.1018,"",186.4537573,33.5468008,0.62,"",0,18.7762,0.1436,672120142,true,true,false,"","bulk_1.0.0",0,0
"ztf",58430.529351899866,"676529354215015022",1,676529354215,20.649134,1,676,0.25412545,18.59923,16.332325,"",18.7819,"",0.09649935,100,0.011960862,0.0877,"",186.4536458,33.5468797,0.68333334,"t8_f5_c3",0,18.8439,0.1119,672120142,true,true,false,"","bulk_1.0.0",0,0
"ztf",58461.48840280017,"707488404215015005",1,707488404215,19.694578,1,707,0.38866076,18.150425,16.265533,"",17.9363,"",0.16456366,0.0266066,0.028998638,0.0723,"",186.4536453,33.5468127,0.6066667,"t8_f5_c3",0,17.9495,0.0909,672120142,false,true,false,"","bulk_1.0.0",0,732537214215015000
"ztf",58461.54806709988,"707548064215015026",2,707548064215,20.439882,1,707,0.19034427,17.804047,15.969463,"",17.8134,"",0.08006604,0.0017187066,0.014777981,0.044,"",186.4536013,33.5468444,0.79333335,"t8_f5_c3",0,17.8281,0.0541,672120242,false,true,false,"","bulk_1.0.0",0,732537214215015000
"ztf",58464.50655090017,"710506554215015028",1,710506554215,20.698597,1,710,0.62386584,18.67822,16.34181,"",18.7681,"",0.08113458,100,0.009432818,0.0802,"",186.453753,33.5468196,0.70666665,"t8_f5_c3",0,18.666,0.088,672120142,false,true,false,"","bulk_1.0.0",0,732537214215015000
"ztf",58464.550520800054,"710550524215015018",2,710550524215,20.258423,1,710,0.173341,18.254717,16.039768,"",18.3961,"",0.09737935,100,0.012661576,0.0927,"",186.4535945,33.5468472,0.61333334,"t8_f5_c3",0,18.4741,0.1226,672120242,false,true,false,"","bulk_1.0.0",0,726495854215010000
"ztf",58471.549097199924,"717549094215010005",2,717549094215,20.517523,-1,717,0.26861024,18.81278,16.29267,"",18.8117,"",0.11001307,100,0.0107994,0.1051,"",186.4536456,33.5468432,0.7,"t8_f5_c3",0,18.8104,0.1289,672120242,false,true,false,"","bulk_1.0.0",0,726495854215010000
"ztf",58480.49585650023,"726495854215010005",1,726495854215,19.901615,-1,726,0.090424195,18.0733,16.75929,"",18.1274,"",0.0760742,0.013567442,0.022679504,0.0686,"",186.4535516,33.5468768,0.8566667,"t8_f5_c3",0,18.1708,0.0897,672120142,false,true,false,"","bulk_1.0.0",0,754494384215015000
"ztf",58480.54541670019,"726545414215010005",2,726545414215,19.879547,-1,726,0.21127684,17.573492,16.547518,"",17.5685,"",0.05852293,100,0.022747649,0.0427,"",186.4535646,33.5468341,0.85,"t8_f5_c3",0,17.5373,0.0518,672120242,false,true,false,"","bulk_1.0.0",0,754494384215015000
"ztf",58486.50657409988,"732506574215015028",2,732506574215,20.588518,1,732,0.14619216,18.748245,16.0926,"",18.5926,"",0.12880705,100,0.01116044,0.0845,"",186.4535255,33.5468871,0.63666666,"t8_f5_c3",0,18.6962,0.1128,672120242,false,true,false,"","bulk_1.0.0",0,754494384215015000
"ztf",58486.537210599985,"732537214215015011",1,732537214215,20.469446,1,732,0.3050399,18.299301,16.29033,"",18.3196,"",0.0846569,0.0061518457,0.013306811,0.0551,"",186.4536364,33.5468374,0.80333334,"t8_f5_c3",0,18.3095,0.0656,672120142,false,true,false,"","bulk_1.0.0",0,754494384215015000
"ztf",58491.483923600055,"737483924215015032",1,737483924215,20.287258,1,737,0.54691756,19.4398,16.407387,"",19.7529,"",0.17845592,100,0.010928622,0.2394,"",186.453735,33.5468388,0.68,"t8_f5_c3",0,19.5926,0.253,672120142,false,true,false,"","bulk_1.0.0",0,754494384215015000
"ztf",58508.494386599865,"754494384215015041",2,754494384215,19.687468,1,754,0.49708328,18.9172,16.106241,"",19.0649,"",0.18549597,100,0.01393,0.1959,"",186.4537268,33.5469513,0.5157143,"t15_f5_c3",0,19.3174,0.3104,672120242,false,true,false,"","bulk_1.0.0",0,754555684215015000
"ztf",58508.555682899896,"754555684215015010",1,754555684215,19.382446,1,754,0.46688202,18.596819,16.332026,"",18.8573,"",0.12566292,0.009654251,0.015605941,0.1671,"",186.4535709,33.5467683,0.71,"t15_f5_c3",0,19.0446,0.2507,672120142,false,true,false,"","bulk_1.0.0",0,772459104215010000
"ztf",58511.446666699834,"757446664215015011",1,757446664215,20.5151,1,757,0.27978584,18.061169,16.249264,"",18.2161,"",0.07414876,0.008136908,0.0139746815,0.0622,"",186.4536433,33.5468543,0.7157143,"t15_f5_c3",0,18.2132,0.0761,672120142,false,true,false,"","bulk_1.0.0",0,772459104215010000
"ztf",58522.53391199978,"768533914215010008",2,768533914215,20.634024,-1,768,0.24384695,18.691833,16.305302,"",18.8199,"",0.08678855,100,0.00963495,0.103,"",186.4535075,33.5468564,0.67142856,"t15_f5_c3",0,18.7562,0.1191,672120242,false,true,false,"","bulk_1.0.0",0,792311001015010000
"ztf",58526.45910880016,"772459104215010003",1,772459104215,20.303377,-1,772,0.32475448,19.165253,16.571266,"",19.2478,"",0.17452791,0.004751759,0.016005531,0.1581,"",186.453482,33.5468403,0.5371429,"t15_f5_c3",0,19.1393,0.1761,672120142,false,true,false,"","bulk_1.0.0",0,792311001015010000
"ztf",58526.49027779978,"772490274215010004",2,772490274215,19.67384,-1,772,0.44855925,18.16152,16.383993,"",18.4331,"",0.13146755,0.013847047,0.025574556,0.1166,"",186.453598,33.5467684,0.66,"t15_f5_c3",0,18.3963,0.1413,672120242,false,true,false,"","bulk_1.0.0",0,792311001015010000
"ztf",58546.28840279998,"792288404215010005",1,792288404215,20.515541,-1,792,0.32138544,18.51679,16.655836,"",18.6283,"",0.10824717,0.010357322,0.019500025,0.0686,"",186.4535356,33.546813,0.6685714,"t15_f5_c3",0,18.625,0.0826,672120142,false,true,false,"","bulk_1.0.0",0,813258254215015000
"ztf",58546.31100689992,"792311001015010007",2,792311001015,20.418217,-1,792,0.15764529,18.341923,16.410349,"",18.3715,"",0.071846,100,0.012127551,0.0693,"",186.4535354,33.5468455,0.7185714,"t15_f5_c3",0,18.3738,0.0846,1714120210,false,true,false,"","bulk_1.0.0",0,813258254215015000
"ztf",58556.28733799979,"802287334215020022",2,802287334215,20.196156,-1,802,0.5606317,18.995308,16.2763,"",19.0774,"",0.1343955,100,0.010984533,0.156,"",186.4534056,33.5468218,0.55142856,"t15_f5_c3",0,19.2073,0.2184,672120242,false,true,false,"","bulk_1.0.0",0,813258254215015000
"ztf",58559.28717589984,"805287174215015024",2,805287174215,20.012651,1,805,0.29105368,18.501083,16.068813,"",18.6037,"",0.09795267,100,0.010425772,0.1265,"",186.4536723,33.5468779,0.74142855,"t15_f5_c3",0,18.6809,0.1702,672120242,false,true,false,"","bulk_1.0.0",0,813258254215015000
"ztf",58559.3177894,"805317784215015011",1,805317784215,19.77762,1,805,0.5878081,18.53573,16.32425,"",18.5207,"",0.09813429,0.0039561763,0.012800548,0.1224,"",186.4536653,33.5467557,0.79285717,"t15_f5_c3",0,18.5645,0.1609,672120142,false,true,false,"","bulk_1.0.0",0,813258254215015000
"ztf",58561.28758100001,"807287581015015013",1,807287581015,18.932909,1,807,0.520645,18.473524,16.30211,"",18.4518,"",0.13642363,0.012227968,0.018463941,0.1897,"",186.4536993,33.5468121,0.63,"t15_f5_c3",0,18.3895,0.2287,1714120110,false,true,false,"","bulk_1.0.0",0,813258254215015000
"ztf",58567.25825229986,"813258254215015008",1,813258254215,20.727617,1,813,0.15922326,18.326572,16.29457,"",18.5137,"",0.09325597,0.008101087,0.014350808,0.0704,"",186.4536149,33.546882,0.68,"t15_f5_c3",0,18.5246,0.0857,672120142,false,true,false,"","bulk_1.0.0",0,813405831015015000
"ztf",58567.4058333002,"813405831015015010",1,813405831015,19.811308,1,813,0.24011908,18.659504,16.325495,"",18.6938,"",0.16081259,0.012299724,0.018737694,0.1329,"",186.4536025,33.546833,0.67142856,"t15_f5_c3",0,18.7082,0.1691,1714120110,false,true,false,"","bulk_1.0.0",0,838273194215010000
"ztf",58575.28968749987,"821289684215010006",1,821289684215,20.826796,-1,821,0.3547711,18.737143,16.620493,"",18.7388,"",0.15711491,0.015633177,0.022364402,0.0869,"",186.4534974,33.5469818,0.2557143,"t15_f5_c3",0,18.7164,0.1034,672120142,false,true,false,"","bulk_1.0.0",0,846214964215010000
"ztf",58580.25767360022,"826257674215010004",1,826257674215,20.659668,-1,826,0.5974843,19.434053,16.549646,"",19.576,"",0.17233303,100,0.0120949885,0.1816,"",186.4533719,33.5469469,0.5928571,"t15_f5_c3",0,19.5074,0.2082,672120142,false,true,false,"","bulk_1.0.0",0,846214964215010000
"ztf",58580.28384259995,"826283844215010003",2,826283844215,20.700844,-1,826,0.087032415,18.45526,16.335049,"",18.5692,"",0.14683954,0.0034013868,0.02083335,0.082,"",186.4535506,33.5468787,0.25857142,"t15_f5_c3",0,18.5501,0.0987,672120242,false,true,false,"","bulk_1.0.0",0,846214964215010000
"ztf",58580.34980319999,"826349801015010006",2,826349801015,20.41443,-1,826,0.37738255,18.910458,16.338099,"",18.991,"",0.13621956,100,0.012743709,0.1367,"",186.4536529,33.5469591,0.66571426,"t15_f5_c3",0,19.0766,0.1821,1714120210,false,true,false,"","bulk_1.0.0",0,846214964215010000
"ztf",58583.28178239986,"829281784215010003",2,829281784215,20.191168,-1,829,0.6533216,19.021595,16.27418,"",18.8986,"",0.10576382,100,0.008421141,0.12,"",186.4533607,33.5468452,0.7657143,"t15_f5_c3",0,18.8122,0.1365,672120242,false,true,false,"","bulk_1.0.0",0,846214964215010000
"ztf",58592.19197920011,"838191974215010006",1,838191974215,19.05793,-1,838,0.1124614,18.314938,16.696552,"",18.2341,"",0.11510291,0.019439911,0.025925819,0.1955,"",186.4535411,33.5469238,0.48714286,"t15_f5_c3",0,18.1699,0.2359,672120142,false,true,false,"","bulk_1.0.0",0,846214964215010000
"ztf",58592.27319440013,"838273194215010000",2,838273194215,19.498268,-1,838,0.12895845,17.736935,16.490086,"",17.8189,"",0.0544694,100,0.017274795,0.0972,"",186.4535773,33.5468569,0.52428573,"t15_f5_c3",0,17.8168,0.1235,672120242,false,true,false,"","bulk_1.0.0",0,846214964215010000
"ztf",58593.32035879977,"839320351015010001",2,839320351015,19.635334,-1,839,0.03734259,18.56504,16.376827,"",18.4779,"",0.11772264,100,0.01568826,0.1523,"",186.4535666,33.5468682,0.4542857,"t15_f5_c3",0,18.2422,0.1555,1714120210,false,true,false,"","bulk_1.0.0",0,846214964215010000
"ztf",58596.21344910003,"842213444215010008",1,842213444215,20.677,-1,842,0.4413567,18.904835,16.598597,"",18.8876,"",0.09753645,100,0.011659279,0.0922,"",186.4536383,33.5467913,0.68,"t15_f5_c3",0,18.8287,0.1063,672120142,false,true,false,"","bulk_1.0.0",0,846214964215010000
"ztf",58596.26049769996,"842260494215010007",2,842260494215,20.233685,-1,842,0.3513475,18.34459,16.351707,"",18.3975,"",0.09336313,100,0.014894376,0.083,"",186.4534707,33.546845,0.64428574,"t15_f5_c3",0,18.3982,0.103,672120242,false,true,false,"","bulk_1.0.0",0,846214964215010000
"ztf",58600.21496530017,"846214964215010007",1,846214964215,20.729937,-1,846,0.14663748,18.352327,16.688307,"",18.3771,"",0.060954817,100,0.013164354,0.0567,"",186.4535622,33.5469407,0.71428573,"t15_f5_c3",0,18.3788,0.0688,672120142,false,true,false,"","bulk_1.0.0",0,868171414215015000
"ztf",58602.26130789984,"848261301015010004",2,848261301015,20.34421,-1,848,0.16761735,17.90199,16.506002,"",17.8878,"",0.07808269,100,0.02158536,0.0512,"",186.4536227,33.546874,0.77,"t15_f5_c3",0,17.8986,0.0636,1714120210,false,true,false,"","bulk_1.0.0",0,868171414215015000
"ztf",58606.21269680001,"852212694215010003",2,852212694215,20.693913,-1,852,0.20347098,18.338764,16.352638,"",18.4718,"",0.081453234,100,0.013075495,0.0751,"",186.4535462,33.5469452,0.34285715,"t15_f5_c3",0,18.4153,0.0872,672120242,false,true,false,"","bulk_1.0.0",0,881196624215010000
"ztf",58612.20853010006,"858208534215010007",2,858208534215,20.5799,-1,858,0.215404,19.7054,16.234514,"",19.912,"",0.180032,100,0.007361994,0.2882,"",186.4535242,33.5469351,0.465714,"t15_f5_c3","",19.9325,0.3595,"",false,true,false,"","bulk_1.0.0",0,887278784215010000
"ztf",58622.17141199997,"868171414215015007",1,868171414215,19.509533,1,868,0.37549508,18.455116,16.313389,"",18.4294,"",0.12969615,0.013422886,0.018039983,0.1415,"",186.453672,33.5468423,0.9628571,"t17_f5_c3",0,18.4242,0.1788,672120142,false,true,false,"","bulk_1.0.0",0,887278784215010000
"ztf",58628.30322920019,"874303224215010002",2,874303224215,20.527134,-1,874,0.04660232,18.422836,16.33973,"",18.5968,"",0.0865949,100,0.012713041,0.0925,"",186.453576,33.54688,0.6742857,"t17_f5_c3",0,18.6463,0.1192,672120242,false,true,false,"","bulk_1.0.0",0,887278784215010000
"ztf",58635.196620400064,"881196624215010009",1,881196624215,20.840048,-1,881,0.20733455,18.65174,16.633215,"",18.6582,"",0.10769815,0.0044431584,0.016780244,0.0748,"",186.4535434,33.5469549,0.95428574,"t17_f5_c3",0,18.6427,0.0893,672120142,false,true,false,"","bulk_1.0.0",0,887278784215010000
"ztf",58635.237141199876,"881237144215010001",2,881237144215,20.831524,-1,881,0.24839671,18.278545,16.362625,"",18.3014,"",0.12772655,0.005828022,0.021873223,0.06,"",186.4536565,33.5468794,0.6257143,"t17_f5_c3",0,18.3106,0.0737,672120242,false,true,false,"","bulk_1.0.0",0,887278784215010000
"ztf",58638.22541669989,"884225414215010009",2,884225414215,20.638508,-1,884,0.21177815,18.504442,16.328249,"",18.5872,"",0.09906834,100,0.013349269,0.0841,"",186.4535578,33.5468406,0.9457143,"t17_f5_c3",0,18.6256,0.1066,672120242,false,true,false,"","bulk_1.0.0",0,887278784215010000
"ztf",58641.278784700204,"887278784215010009",2,887278784215,20.655176,-1,887,0.049232997,18.115704,16.393135,"",18.1051,"",0.08070052,100,0.01651388,0.0551,"",186.4535852,33.5469035,0.86142856,"t17_f5_c3",0,18.0731,0.0653,672120242,false,true,false,"","bulk_1.0.0",0,916204424215010000
"ztf",58644.25984949991,"890259844215010002",2,890259844215,19.989878,-1,890,0.09494426,18.341516,16.352198,"",18.4937,"",0.11863213,100,0.018987805,0.1173,"",186.4536058,33.5468879,0.8042857,"t17_f5_c3",0,18.5163,0.1507,672120242,false,true,false,"","bulk_1.0.0",0,916204424215010000
"ztf",58647.23825229984,"893238254215010001",2,893238254215,19.788507,-1,893,0.09294016,18.35014,16.350824,"",18.2843,"",0.09303029,100,0.0147536,0.1069,"",186.4535688,33.5468673,0.92714286,"t17_f5_c3",0,18.318,0.1393,672120242,false,true,false,"","bulk_1.0.0",0,916204424215010000
"ztf",58661.199826399796,"907199824215010005",2,907199824215,20.383692,-1,907,0.19341025,17.790064,16.473764,"",17.7972,"",0.063718386,100,0.018955927,0.0463,"",186.4536055,33.5468445,0.9342857,"t17_f5_c3",1,17.8036,0.0575,672120242,false,true,false,"","bulk_1.0.0",0,919206254215010000
"ztf",58661.225335599855,"907225334215010005",1,907225334215,20.283981,-1,907,0.21919772,18.491142,16.660522,"",18.4661,"",0.11620202,0.013712428,0.021526117,0.0768,"",186.4535257,33.5469505,0.9,"t17_f5_c3",1,18.4585,0.0945,672120142,false,true,false,"","bulk_1.0.0",0,919206254215010000
"ztf",58667.20832179999,"913208324215010005",1,913208324215,20.47727,-1,913,0.04311292,18.138838,16.740494,"",18.0106,"",0.08091871,0.013385699,0.022320863,0.0502,"",186.4535792,33.5468955,0.93142855,"t17_f5_c3",1,17.9755,0.0601,672120142,false,true,false,"","bulk_1.0.0",0,919206254215010000
"ztf",58667.22769680014,"913227694215010004",2,913227694215,20.253954,-1,913,0.16536234,17.664694,16.514038,"",17.6695,"",0.05722195,100,0.019828977,0.0452,"",186.4536239,33.5468717,0.9457143,"t17_f5_c3",1,17.6524,0.0554,672120242,false,true,false,"","bulk_1.0.0",0,919206254215010000
"ztf",58670.1879166998,"916187914215010006",2,916187914215,20.030714,-1,916,0.2245669,18.23324,16.370577,"",18.3603,"",0.10675914,100,0.01920169,0.089,"",186.4536307,33.5468508,0.9657143,"t17_f5_c3",0.9999931,18.2816,0.1033,672120242,false,true,false,"","bulk_1.0.0",0,919206254215010000
"ztf",58670.204421299975,"916204424215010007",1,916204424215,20.090654,-1,916,0.32715383,19.03432,16.584103,"",19.0436,"",0.16055688,0.0065844334,0.016808992,0.1447,"",186.4535457,33.54699,0.9514286,"t17_f5_c3",0.9982601,19.0462,0.1806,672120142,false,true,false,"","bulk_1.0.0",0,919206254215010000
"ztf",58673.206249999814,"919206254215010001",2,919206254215,20.226875,-1,919,0.106289975,18.190208,16.3785,"",18.1266,"",0.13600133,0.014126968,0.025636563,0.0734,"",186.4536061,33.5468792,0.75714284,"t17_f5_c3",0.97139144,18.0662,0.0869,672120242,false,true,false,"","bulk_1.0.0",0,922195164215010000
"ztf",58676.18556710007,"922185564215010003",1,922185564215,19.579237,-1,922,0.47472137,18.717384,16.623335,"",18.6636,"",0.11888784,0.0064381235,0.017278953,0.1637,"",186.4536303,33.5470215,0.9285714,"t17_f5_c3",0.99996173,18.5774,0.192,672120142,false,true,false,"","bulk_1.0.0",0,922195164215010000
"ztf",58676.195162000135,"922195164215010003",2,922195164215,19.729496,-1,922,0.07695705,18.143232,16.387587,"",18.0314,"",0.12223006,0.011101315,0.024261635,0.0881,"",186.4535489,33.5468884,0.76857144,"t17_f5_c3",0.9999547,17.9996,0.1081,672120242,true,true,false,"","bulk_1.0.0",0,0
"ztf",58789.514594899956,"1035514594215010004",1,1035514594215,19.939768,-1,1035,0.6208461,18.929844,16.595646,"",18.8957,"",0.21145964,0.01904056,0.024634741,0.1526,"",186.4533571,33.54688,0.8542857,"t17_f5_c3",0.999764,18.8241,0.1788,672120142,true,true,false,"","bulk_1.0.0",0,0
"ztf",58828.551076400094,"1074551074215010004",1,1074551074215,19.508251,-1,1074,0.27930653,18.599344,16.641611,"",18.5239,"",0.11088007,0.008240736,0.018270899,0.1299,"",186.4534714,33.5468936,0.95428574,"t17_f5_c3",0.99997747,18.6519,0.1854,672120142,false,true,false,"","bulk_1.0.0",0,1081485394215010000
"ztf",58831.55031249998,"1077550314215010005",1,1077550314215,19.42204,-1,1077,0.33693993,18.530231,16.653433,"",18.3425,"",0.14282808,0.019266447,0.025356788,0.1136,"",186.4535321,33.5468088,0.9042857,"t17_f5_c3",0.9999889,18.37,0.1482,672120142,false,true,false,"","bulk_1.0.0",0,1095504134215010000
"ztf",58835.485393499956,"1081485394215010084",2,1081485394215,19.457806,-1,1081,0.973959,18.948439,16.280222,"",18.9755,"",0.14690968,100,0.0125824055,0.1922,"",186.4534136,33.5466541,0.58428574,"t17_f5_c3",0.999297,18.8307,0.2124,672120242,false,true,false,"","bulk_1.0.0",0,1095504134215010000
"ztf",58835.553379599936,"1081553374215010045",1,1081553374215,19.803484,-1,1081,0.57034916,19.402054,16.551928,"",19.4192,"",0.17120555,100,0.012401302,0.246,"",186.453404,33.5468122,0.73,"t17_f5_c3",0.99836934,19.5684,0.3564,672120142,false,true,false,"","bulk_1.0.0",0,1095504134215010000
"ztf",58846.550763899926,"1092550764215010008",1,1092550764215,20.826853,-1,1092,0.1280813,18.269175,16.707132,"",18.1893,"",0.07582933,0.004857541,0.017989552,0.0468,"",186.4536033,33.5468821,0.8914286,"t17_f5_c3",0.99999976,18.142,0.0546,672120142,false,true,false,"","bulk_1.0.0",0,1117499714215010000
"ztf",58849.50413190015,"1095504134215010014",1,1095504134215,20.781178,-1,1095,0.05452681,18.168203,16.73253,"",18.1194,"",0.076688536,0.010166479,0.020439079,0.0447,"",186.4535681,33.5469146,0.94285715,"t17_f5_c3",0.9999997,18.0801,0.0526,672120142,false,true,false,"","bulk_1.0.0",0,1117499714215010000
"ztf",58852.536574100144,"1098536574215010006",1,1098536574215,20.85186,-1,1098,0.16586365,18.487385,16.66122,"",18.4428,"",0.10611877,0.01067394,0.019739049,0.059,"",186.4535186,33.546874,0.88285714,"t17_f5_c3",0.9999864,18.3847,0.0681,672120142,false,true,false,"","bulk_1.0.0",0,1117499714215010000
"ztf",58852.54741899995,"1098547414215010015",2,1098547414215,20.538736,-1,1098,0.3121194,17.87071,16.450884,"",17.9577,"",0.059981372,100,0.016221318,0.0469,"",186.4535998,33.5468078,0.91,"t17_f5_c3",0.9999953,17.9914,0.0595,672120242,false,true,false,"","bulk_1.0.0",0,1117499714215010000
"ztf",58855.50805559987,"1101508054215010018",1,1101508054215,20.522383,-1,1101,0.2234104,18.644638,16.634325,"",18.5624,"",0.12245667,0.01035441,0.019224592,0.0706,"",186.4536347,33.5468746,0.9185714,"t17_f5_c3",0.99999917,18.4943,0.0813,672120142,false,true,false,"","bulk_1.0.0",0,1117499714215010000
"ztf",58862.46115740016,"1108461154215010003",1,1108461154215,19.574394,-1,1108,0.094616875,18.238472,16.714546,"",18.0802,"",0.10152448,0.017836686,0.024945956,0.0929,"",186.4535472,33.5468776,0.93857145,"t17_f5_c3",0.9999995,17.9137,0.1015,672120142,false,true,false,"","bulk_1.0.0",0,1117499714215010000
"ztf",58871.456770800054,"1117456774215010010",1,1117456774215,20.387938,-1,1117,0.49658382,18.430637,16.67211,"",18.5146,"",0.07864082,100,0.0155681595,0.0662,"",186.4536419,33.5467752,0.93142855,"t17_f5_c3",0.9999994,18.4343,0.0752,672120142,false,true,false,"","bulk_1.0.0",0,1117499714215010000
"ztf",58871.49971059989,"1117499714215010007",2,1117499714215,20.154112,-1,1117,0.2651063,17.881136,16.448082,"",18.0312,"",0.08187321,100,0.021873606,0.0557,"",186.4535761,33.5468185,0.95,"t17_f5_c3",0.9999989,17.9892,0.0663,672120242,false,true,false,"","bulk_1.0.0",0,1145394454215010000
"ztf",58875.45214120019,"1121452144215010013",1,1121452144215,20.60312,-1,1121,0.18237288,18.308376,16.698036,"",18.3922,"",0.08931447,0.01075646,0.02026683,0.0543,"",186.4535074,33.5468822,0.94285715,"t17_f5_c3",0.9978874,18.3615,0.0639,672120142,false,true,false,"","bulk_1.0.0",0,1145394454215010000
"ztf",58875.5178704001,"1121517874215010014",2,1121517874215,20.502031,-1,1121,0.17758128,17.785362,16.475166,"",17.8442,"",0.050463825,100,0.0150974,0.0414,"",186.4536055,33.5468503,0.93714285,"t17_f5_c3",0.99999994,17.8756,0.0521,672120242,false,true,false,"","bulk_1.0.0",0,1145394454215010000
"ztf",58878.36234949995,"1124362344215010010",2,1124362344215,20.065266,-1,1124,0.28953052,18.106398,16.39505,"",18.1913,"",0.08220869,100,0.016997248,0.0639,"",186.4534925,33.5468485,0.92,"t17_f5_c3",0.99999964,18.2611,0.0842,672120242,false,true,false,"","bulk_1.0.0",0,1145394454215010000
"ztf",58878.518472199794,"1124518474215010011",1,1124518474215,20.353489,-1,1124,0.17648187,18.307554,16.698223,"",18.3799,"",0.08072462,0.006404397,0.018334689,0.0601,"",186.4535561,33.5468505,0.93857145,"t17_f5_c3",0.99999845,18.393,0.0747,672120142,false,true,false,"","bulk_1.0.0",0,1145394454215010000
"ztf",58881.483680599835,"1127483684215010009",1,1127483684215,20.739761,-1,1127,0.16851693,18.118675,16.74612,"",18.0636,"",0.06457179,0.0032129604,0.018239848,0.0431,"",186.453559,33.5468524,0.9657143,"t17_f5_c3",1,18.0478,0.0519,672120142,false,true,false,"","bulk_1.0.0",0,1145394454215010000
"ztf",58881.53682869999,"1127536824215010008",2,1127536824215,20.563553,-1,1127,0.09658618,17.696758,16.503143,"",17.7331,"",0.05201039,100,0.017323852,0.0395,"",186.4535733,33.5468659,0.9242857,"t17_f5_c3",0.9999995,17.6613,0.0456,672120242,false,true,false,"","bulk_1.0.0",0,1145394454215010000
"ztf",58884.477789400145,"1130477784215010006",1,1130477784215,20.172094,-1,1130,0.1720782,18.181438,16.72903,"",18.1989,"",0.08431645,0.013314872,0.022128347,0.054,"",186.4535467,33.5468537,0.93,"t17_f5_c3",0.9996457,18.1958,0.0665,672120142,false,true,false,"","bulk_1.0.0",0,1145394454215010000
"ztf",58884.51212960016,"1130512124215010006",2,1130512124215,19.860006,-1,1130,0.5440519,17.793425,16.472767,"",17.7658,"",0.07322054,100,0.021695508,0.0464,"",186.4535865,33.5467403,0.88857144,"t17_f5_c3",0.9999802,17.74,0.0564,672120242,false,true,false,"","bulk_1.0.0",0,1145394454215010000
"ztf",58891.435682899784,"1137435684215010005",1,1137435684215,19.546505,-1,1137,0.18148759,18.370266,16.684471,"",18.2085,"",0.09616063,0.011250771,0.020355375,0.1077,"",186.4535117,33.546875,0.9457143,"t17_f5_c3",0.99999964,18.254,0.1428,672120142,false,true,false,"","bulk_1.0.0",0,1145394454215010000
"ztf",58891.49351850012,"1137493514215010003",2,1137493514215,19.910627,-1,1137,0.13189963,17.95742,16.428577,"",18.1117,"",0.081059195,100,0.019827375,0.0904,"",186.4535342,33.546877,0.84,"t17_f5_c3",0.994496,18.0694,0.11,672120242,false,true,false,"","bulk_1.0.0",0,1145394454215010000
"ztf",58894.35883100005,"1140358834215010006",1,1140358834215,20.199385,-1,1140,0.22258948,18.711447,16.6242,"",18.6134,"",0.13564667,0.011663869,0.019838572,0.0941,"",186.453522,33.5468484,0.93714285,"t17_f5_c3",0.99995124,18.5445,0.1104,672120142,false,true,false,"","bulk_1.0.0",0,1145394454215010000
"ztf",58894.471597199794,"1140471594215010006",2,1140471594215,20.327356,-1,1140,0.20098542,18.07996,16.400597,"",18.2052,"",0.087396935,100,0.018610206,0.0698,"",186.4535874,33.5468375,0.9071429,"t17_f5_c3",0.9996937,18.1995,0.0864,672120242,false,true,false,"","bulk_1.0.0",0,1145394454215010000
"ztf",58898.372511600144,"1144372514215010005",2,1144372514215,20.652826,-1,1144,0.028274067,18.305277,16.358112,"",18.3388,"",0.072247565,100,0.01202146,0.065,"",186.4535784,33.5468858,0.8814286,"t17_f5_c3",0.9999995,18.2618,0.0741,672120242,false,true,false,"","bulk_1.0.0",0,1145394454215010000
"ztf",58899.340057900175,"1145340054215010008",2,1145340054215,20.634954,-1,1145,0.17582473,18.165684,16.383186,"",18.1524,"",0.119918056,0.008808881,0.023221238,0.057,"",186.4535389,33.5469327,0.6,"t17_f5_c3",0.99058694,18.1031,0.067,672120242,false,true,false,"","bulk_1.0.0",0,1145394454215010000
"ztf",58899.39445600007,"1145394454215010006",1,1145394454215,20.718704,-1,1145,0.15530857,18.616005,16.63889,"",18.5961,"",0.10175003,0.0025822038,0.016469799,0.0714,"",186.4535422,33.5468604,0.93,"t17_f5_c3",0.99999964,18.5685,0.0852,672120142,false,true,false,"","bulk_1.0.0",0,1154472314215010000
"ztf",58900.37322920002,"1146373224215010003",1,1146373224215,20.674784,-1,1146,0.085756786,18.41564,16.675104,"",18.5365,"",0.09639163,0.009672707,0.019401044,0.0688,"",186.4535423,33.5468849,0.94285715,"t17_f5_c3",0.99999845,18.5621,0.0863,672120142,false,true,false,"","bulk_1.0.0",0,1154472314215010000
"ztf",58900.43513889983,"1146435134215010004",2,1146435134215,19.833345,-1,1146,0.19731115,18.132309,16.389769,"",18.0193,"",0.08242323,100,0.016558979,0.0828,"",186.4535556,33.5468398,0.95285714,"t17_f5_c3",0.9999995,17.9287,0.0958,672120242,false,true,false,"","bulk_1.0.0",0,1154472314215010000
"ztf",58901.41604170017,"1147416044215010007",2,1147416044215,20.630241,-1,1147,0.10143675,17.706587,16.49989,"",17.7554,"",0.05806179,100,0.019107845,0.0378,"",186.4535842,33.5468657,0.9357143,"t17_f5_c3",0.9999999,17.761,0.0466,672120242,false,true,false,"","bulk_1.0.0",0,1154472314215010000
"ztf",58903.372569399886,"1149372564215010009",1,1149372564215,20.824179,-1,1149,0.067743406,18.197748,16.72479,"",18.1382,"",0.0757314,0.008390719,0.019502608,0.045,"",186.4535456,33.54689,0.96,"t17_f5_c3",0.9999956,18.1023,0.0531,672120142,false,true,false,"","bulk_1.0.0",0,1154472314215010000
"ztf",58903.41439810023,"1149414394215010007",2,1149414394215,20.750896,-1,1149,0.04589904,17.691696,16.504835,"",17.7706,"",0.060441803,100,0.02025784,0.0382,"",186.4535785,33.5468883,0.70714283,"t17_f5_c3",0.9999908,17.7672,0.0466,672120242,false,true,false,"","bulk_1.0.0",0,1154472314215010000
"ztf",58904.434733800124,"1150434734215010007",1,1150434734215,20.14945,-1,1150,0.33974004,17.997383,16.78299,"",18.001,"",0.086214095,0.021181358,0.028172193,0.044,"",186.4535867,33.5468056,0.73714286,"t17_f5_c3",0.9999893,17.9898,0.0536,672120142,false,true,false,"","bulk_1.0.0",0,1154472314215010000
"ztf",58904.49319439987,"1150493194215010007",2,1150493194215,20.39543,-1,1150,0.16612127,17.549831,16.556856,"",17.5263,"",0.0666815,0.008844281,0.026718691,0.0346,"",186.4535998,33.5468583,0.93,"t17_f5_c3",0.99999994,17.5531,0.0438,672120242,false,true,false,"","bulk_1.0.0",0,1154472314215010000
"ztf",58905.306504600216,"1151306504215010010",1,1151306504215,19.97983,-1,1151,0.14670615,17.889036,16.820873,"",17.9503,"",0.07899101,0.02241112,0.029533349,0.0454,"",186.4535402,33.546864,0.8442857,"t17_f5_c3",0.9998572,17.9416,0.0558,672120142,false,true,false,"","bulk_1.0.0",0,1154472314215010000
"ztf",58906.35000000009,"1152349994215020009",1,1152349994215,20.4394,-1,1152,0.12484,18.4291,16.672415,"",18.445,"",0.092376,0.0073565296,0.018318301,0.0668,"",186.4535347,33.5468755,0.951429,"t17_f5_c3","",18.4906,0.0857,"",false,true,false,"","bulk_1.0.0",0,1154472314215010000
"ztf",58906.47234949982,"1152472344215020010",2,1152472344215,20.2005,-1,1152,0.143613,17.8546,16.455282,"",17.9688,"",0.068377,100,0.018844422,0.0561,"",186.4535813,33.546853,0.954286,"t17_f5_c3","",17.9957,0.0714,"",false,true,false,"","bulk_1.0.0",0,1154472314215010000
"ztf",58908.472314800136,"1154472314215010043",2,1154472314215,18.709126,-1,1154,0.1322771,17.759947,16.482887,"",17.3907,"",0.1173461,0.027483825,0.03619471,0.1313,"",186.4535378,33.5468717,0.68714285,"t17_f5_c3",0.9997044,17.2435,0.1464,672120242,false,true,false,"","bulk_1.0.0",0,1159329054215010000
"ztf",58911.404027800076,"1157404024215010007",1,1157404024215,20.398731,-1,1157,0.12815768,18.737518,16.62044,"",18.8498,"",0.12282073,0.007047159,0.017475914,0.0974,"",186.4535409,33.5468698,0.96,"t17_f5_c3",0.9999665,18.7504,0.1095,672120142,false,true,false,"","bulk_1.0.0",0,1159329054215010000
"ztf",58911.46607640013,"1157466074215010005",2,1157466074215,20.231949,-1,1157,0.12435578,18.457151,16.334782,"",18.4236,"",0.09076136,100,0.012851476,0.0837,"",186.4535868,33.546859,0.95857143,"t17_f5_c3",1,18.4697,0.1084,672120242,false,true,false,"","bulk_1.0.0",0,1159329054215010000
"ztf",58912.50844909996,"1158508444215010005",1,1158508444215,20.439482,-1,1158,0.15378307,18.490248,16.660688,"",18.4954,"",0.09986829,0.008216112,0.018518412,0.0756,"",186.453587,33.5468602,0.9557143,"t17_f5_c3",1,18.4454,0.0893,672120142,false,true,false,"","bulk_1.0.0",0,1159329054215010000
"ztf",58913.32905089995,"1159329054215010005",1,1159329054215,20.013142,-1,1159,0.08154999,18.47565,16.663416,"",18.5194,"",0.109283745,0.012130291,0.02059026,0.1127,"",186.4535387,33.546894,0.94714284,"t17_f5_c3",0.999151,18.4947,0.1392,672120142,false,true,false,"","bulk_1.0.0",0,1161450894215010000
"ztf",58913.474143499974,"1159474144215010005",2,1159474144215,20.109304,-1,1159,0.12621194,17.846714,16.457466,"",17.8584,"",0.09062761,0.010304906,0.025209341,0.0622,"",186.4535408,33.5468711,0.87285715,"t17_f5_c3",0.9999269,17.8245,0.0753,672120242,false,true,false,"","bulk_1.0.0",0,1161450894215010000
"ztf",58915.45089119999,"1161450894215010003",1,1161450894215,19.49392,-1,1161,0.32108274,19.010948,16.586578,"",19.0772,"",0.14911512,0.0039129825,0.015987258,0.2552,"",186.4534634,33.5469301,0.94,"t17_f5_c3",0.99926066,19.0708,0.3231,672120142,false,true,false,"","bulk_1.0.0",0,1190431164215010000
"ztf",58939.34094909998,"1185340944215010005",1,1185340944215,20.096874,-1,1185,0.116939455,18.23605,16.715141,"",18.2547,"",0.090232976,0.013777801,0.022233201,0.0814,"",186.4535289,33.5468871,0.93714285,"t17_f5_c3",0.99999994,18.3104,0.107,672120142,false,true,false,"","bulk_1.0.0",0,1214276164215010000
"ztf",58939.38916670019,"1185389164215010004",2,1185389164215,18.811771,-1,1185,0.22667523,17.860106,16.45377,"",17.9409,"",0.10794434,0.01865235,0.029557379,0.1703,"",186.4535796,33.5468294,0.9185714,"t17_f5_c3",0.9999944,18.0709,0.2448,672120242,false,true,false,"","bulk_1.0.0",0,1214276164215010000
"ztf",58944.36087960005,"1190360874215010003",2,1190360874215,19.421339,-1,1190,0.24103415,18.276367,16.362997,"",18.339,"",0.07829453,100,0.0134395175,0.1455,"",186.453596,33.5468277,0.95857143,"t17_f5_c3",0.99999976,18.3734,0.1914,672120242,false,true,false,"","bulk_1.0.0",0,1214276164215010000
"ztf",58944.43116899999,"1190431164215010002",1,1190431164215,19.040436,-1,1190,0.3262603,18.540054,16.6517,"",18.3604,"",0.12426673,0.01433718,0.021827929,0.163,"",186.4534654,33.5468612,0.88714284,"t17_f5_c3",0.9993842,18.2704,0.1917,672120142,false,true,false,"","bulk_1.0.0",0,1214276164215010000
"ztf",58954.26563660009,"1200265634215010006",2,1200265634215,20.577436,-1,1200,0.18585917,17.678446,16.509314,"",17.6028,"",0.050868187,100,0.017329782,0.0355,"",186.4535838,33.5468414,0.92,"t17_f5_c3",0.9999994,17.5733,0.0425,672120242,false,true,false,"","bulk_1.0.0",0,1214276164215010000
"ztf",58954.30081020016,"1200300814215010005",1,1200300814215,20.621254,-1,1200,0.13138103,17.972939,16.791098,"",17.9617,"",0.06184933,0.009137459,0.020825652,0.042,"",186.4535662,33.5468626,0.94857144,"t17_f5_c3",0.9999999,17.964,0.0517,672120142,false,true,false,"","bulk_1.0.0",0,1214276164215010000
"ztf",58962.280844899826,"1208280844215010005",2,1208280844215,20.521286,-1,1208,0.16905819,18.585447,16.317781,"",18.4851,"",0.13825047,100,0.017123802,0.0794,"",186.4535268,33.5468668,0.6314286,"t17_f5_c3",0.992144,18.4457,0.0943,672120242,false,true,false,"","bulk_1.0.0",0,1214276164215010000
"ztf",58965.28251159983,"1211282514215010006",2,1211282514215,20.456484,-1,1211,0.20347002,18.40541,16.342312,"",18.5195,"",0.111141704,100,0.016620236,0.0824,"",186.4536077,33.5468429,0.9142857,"t17_f5_c3",0.99987733,18.4124,0.0918,672120242,false,true,false,"","bulk_1.0.0",0,1214276164215010000
"ztf",58968.27616900019,"1214276164215010002",1,1214276164215,20.632483,-1,1214,0.27010766,18.639896,16.63507,"",18.6124,"",0.14918709,0.017070029,0.023539709,0.0772,"",186.4535383,33.546972,0.7814286,"t17_f5_c3",0.9966633,18.4643,0.0829,672120142,false,true,false,"","bulk_1.0.0",0,1217218204215010000
"ztf",58968.36890049977,"1214368904215010001",2,1214368904215,20.589304,-1,1214,0.08487771,18.146849,16.386871,"",18.2764,"",0.10143653,100,0.020054108,0.0643,"",186.4535757,33.5468692,0.75285715,"t17_f5_c3",0.9999081,18.2655,0.0783,672120242,false,true,false,"","bulk_1.0.0",0,1217218204215010000
"ztf",58971.21820600005,"1217218204215010000",2,1217218204215,19.986958,-1,1217,0.12098027,17.747643,16.486712,"",17.6284,"",0.060396403,100,0.018907696,0.0505,"",186.4535618,33.5468606,0.9442857,"t17_f5_c3",1,17.653,0.0651,672120242,false,true,false,"","bulk_1.0.0",0,1246231754215010000
"ztf",58971.26366900001,"1217263664215010001",1,1217263664215,19.943186,-1,1217,0.023264227,18.22109,16.718859,"",18.2691,"",0.097945064,0.017211331,0.024552185,0.0883,"",186.4535717,33.5468956,0.9342857,"t17_f5_c3",0.9999999,18.163,0.1012,672120142,false,true,false,"","bulk_1.0.0",0,1246231754215010000
"ztf",58971.27746530017,"1217277464215010004",1,1217277464215,19.855427,-1,1217,0.09564805,18.287947,16.702726,"",18.1906,"",0.111804985,0.019404396,0.025964081,0.0823,"",186.4535332,33.5468976,0.93285716,"t17_f5_c3",1,18.255,0.1105,672120142,false,true,false,"","bulk_1.0.0",0,1246231754215010000
"ztf",58973.2491088002,"1219249104215010002",1,1219249104215,19.631628,-1,1219,0.15112169,18.565578,16.647276,"",18.4668,"",0.13588691,0.016445331,0.02321971,0.1477,"",186.4535308,33.5468683,0.8214286,"t17_f5_c3",0.999964,18.3563,0.17,672120142,false,true,false,"","bulk_1.0.0",0,1246231754215010000
"ztf",58986.2043980998,"1232204394215010000",1,1232204394215,20.764633,-1,1232,0.050760034,18.25508,16.710503,"",18.1719,"",0.102967925,0.017729452,0.024823992,0.0489,"",186.4535542,33.5469103,0.93142855,"t17_f5_c3",0.99999547,18.1422,0.0581,672120142,false,true,false,"","bulk_1.0.0",0,1246231754215010000
"ztf",58986.20487269992,"1232204874215010002",1,1232204874215,20.762516,-1,1232,0.11882743,18.274998,16.705755,"",18.1872,"",0.07950732,0.0071988464,0.018737439,0.0494,"",186.4535547,33.5468673,0.94285715,"t17_f5_c3",0.99999964,18.1056,0.0561,672120142,false,true,false,"","bulk_1.0.0",0,1246231754215010000
"ztf",58986.25700230012,"1232257004215010001",2,1232257004215,20.71389,-1,1232,0.027953215,17.844988,16.457947,"",17.7955,"",0.10506564,0.018105779,0.029284943,0.0396,"",186.4535834,33.5468953,0.64,"t17_f5_c3",0.9346446,17.764,0.0473,672120242,false,true,false,"","bulk_1.0.0",0,1246231754215010000
"ztf",58991.22385419998,"1237223854215010000",2,1237223854215,20.73539,-1,1237,0.16120544,18.462257,16.33406,"",18.4521,"",0.16109414,0.009647102,0.022688247,0.0692,"",186.4535337,33.5468628,0.56714284,"t17_f5_c3",0.84359235,18.3808,0.0795,672120242,false,true,false,"","bulk_1.0.0",0,1246231754215010000
"ztf",58994.20601850003,"1240206014215010002",2,1240206014215,20.656239,-1,1240,0.22910088,18.593044,16.316843,"",18.8038,"",0.1300267,100,0.015979104,0.1024,"",186.4535171,33.5468497,0.61714286,"t17_f5_c3",0.9796934,18.7153,0.1161,672120242,false,true,false,"","bulk_1.0.0",0,1246231754215010000
"ztf",59000.23175929999,"1246231754215010002",1,1246231754215,19.71629,-1,1246,0.039071355,18.182005,16.728882,"",18.0637,"",0.08095649,0.011769837,0.021232557,0.0802,"",186.4535544,33.5469056,0.9557143,"t17_f5_c3",0.9999945,18.0115,0.0968,672120142,false,true,false,"","bulk_1.0.0",0,1275241114215010000
"ztf",59004.194583300035,"1250194584215010000",1,1250194584215,19.551563,-1,1250,0.040705938,18.804838,16.61119,"",18.5164,"",0.17855076,0.017581614,0.02367569,0.1592,"",186.4535636,33.5469108,0.79571426,"t17_f5_c3",0.9996792,18.4029,0.1828,672120142,false,true,false,"","bulk_1.0.0",0,1275241114215010000
"ztf",59004.23585649999,"1250235854215010000",2,1250235854215,19.761997,-1,1250,0.12221454,18.283787,16.361729,"",18.2477,"",0.08927148,100,0.015201615,0.113,"",186.453542,33.5469144,0.81857145,"t17_f5_c3",0.99990594,18.2021,0.1375,672120242,false,true,false,"","bulk_1.0.0",0,1275241114215010000
"ztf",59009.173726900015,"1255173724215010000",2,1255173724215,20.037443,-1,1255,0.23078519,17.591816,16.540478,"",17.5846,"",0.044976637,100,0.017078588,0.0393,"",186.4536219,33.5468417,0.94142854,"t17_f5_c3",1,17.6082,0.05,672120242,false,true,false,"","bulk_1.0.0",0,1275241114215010000
"ztf",59009.245231499895,"1255245234215010003",1,1255245234215,20.096457,-1,1255,0.058481716,17.993147,16.784376,"",18.0012,"",0.0714808,0.01433047,0.0234791,0.0486,"",186.4535615,33.5468834,0.93857145,"t17_f5_c3",0.9999846,17.9322,0.0567,672120142,false,true,false,"","bulk_1.0.0",0,1275241114215010000
"ztf",59012.20167820016,"1258201674215010001",1,1258201674215,20.84513,-1,1258,0.12090845,18.347898,16.689264,"",18.2151,"",0.09980826,0.013377574,0.021662725,0.0492,"",186.453528,33.5469131,0.8528572,"t17_f5_c3",0.99994135,18.1776,0.0582,672120142,false,true,false,"","bulk_1.0.0",0,1275241114215010000
"ztf",59017.23900459986,"1263239004215010000",2,1263239004215,20.618717,-1,1263,0.16794932,17.862814,16.45303,"",17.8192,"",0.08732909,0.0065707336,0.023836661,0.041,"",186.4535898,33.5468476,0.9242857,"t17_f5_c3",0.9999975,17.7403,0.0468,672120242,false,true,false,"","bulk_1.0.0",0,1275241114215010000
"ztf",59020.201539400034,"1266201534215010005",1,1266201534215,20.75959,-1,1266,0.11086759,18.175116,16.730696,"",18.1222,"",0.08640755,0.014440858,0.022844609,0.0468,"",186.4535739,33.5468691,0.95285714,"t17_f5_c3",0.9999927,18.0659,0.0543,672120142,false,true,false,"","bulk_1.0.0",0,1275241114215010000
"ztf",59020.24582180008,"1266245824215010002",2,1266245824215,20.402813,-1,1266,0.113530315,18.078144,16.400984,"",18.014,"",0.06913479,100,0.014751382,0.0544,"",186.4535841,33.5468622,0.95714283,"t17_f5_c3",1,17.9984,0.0662,672120242,false,true,false,"","bulk_1.0.0",0,1275241114215010000
"ztf",59023.21815969981,"1269218154215010003",1,1269218154215,20.653065,-1,1269,0.082490936,17.840548,16.839573,"",17.8103,"",0.090268515,0.030103061,0.035904326,0.0374,"",186.4535404,33.5469096,0.92285717,"t17_f5_c3",0.99999946,17.7995,0.0456,672120142,false,true,false,"","bulk_1.0.0",0,1275241114215010000
"ztf",59029.241111100186,"1275241114215010005",1,1275241114215,18.932991,-1,1275,0.31132555,18.206694,16.722498,"",18.4262,"",0.14000157,0.031057943,0.035682455,0.1564,"",186.4534751,33.5468547,0.7885714,"t17_f5_c3",0.99964654,18.3304,0.1828,672120142,false,true,false,"","bulk_1.0.0",0,1285177784215010000
"ztf",59032.198958300054,"1278198954215010001",1,1278198954215,19.227398,-1,1278,0.13739453,17.982292,16.787966,"",17.9224,"",0.09523701,0.025627408,0.031701174,0.0999,"",186.453598,33.546872,0.94857144,"t17_f5_c3",0.99999785,17.905,0.1255,672120142,false,true,false,"","bulk_1.0.0",0,1285177784215010000
"ztf",59032.21674769977,"1278216744215010001",2,1278216744215,19.592447,-1,1278,0.069378905,17.456423,16.596663,"",17.3979,"",0.0739553,0.020936215,0.033501558,0.0573,"",186.4535868,33.5468766,0.93714285,"t17_f5_c3",1,17.404,0.0733,672120242,false,true,false,"","bulk_1.0.0",0,1285177784215010000
"ztf",59036.19903940009,"1282199034215010002",1,1282199034215,19.437368,-1,1282,0.119144335,17.972878,16.791119,"",17.8752,"",0.095294915,0.026067654,0.032089725,0.0982,"",186.4536003,33.5469161,0.95857143,"t17_f5_c3",0.99999976,17.8825,0.1263,672120142,false,true,false,"","bulk_1.0.0",0,1285177784215010000
"ztf",59036.2573958002,"1282257394215010000",2,1282257394215,19.268387,-1,1282,0.079699926,17.507544,16.574274,"",17.5395,"",0.06236851,0.006382686,0.02640325,0.0813,"",186.4535986,33.5468834,0.95714283,"t17_f5_c3",1,17.451,0.0957,672120242,false,true,false,"","bulk_1.0.0",0,1285177784215010000
"ztf",59039.177789399866,"1285177784215010001",1,1285177784215,19.844301,-1,1285,0.07909123,18.421883,16.673853,"",18.4078,"",0.14035769,0.022470985,0.028055884,0.116,"",186.4535487,33.5469169,0.89428574,"t17_f5_c3",0.9999974,18.4982,0.1599,672120142,false,true,false,"","bulk_1.0.0",0,1291206804215010000
"ztf",59039.21604169998,"1285216044215010002",2,1285216044215,20.036291,-1,1285,0.22088738,17.841743,16.458853,"",18.1959,"",0.10388656,0.017726496,0.029067203,0.0893,"",186.4536441,33.5468713,0.7171429,"t17_f5_c3",0.9998082,18.258,0.1195,672120242,false,true,false,"","bulk_1.0.0",0,1291206804215010000
"ztf",59039.21604169998,"1285216044215010003",2,1285216044215,20.036291,-1,1285,0.11154031,17.780506,16.476624,"",17.9187,"",0.0619216,100,0.018633286,0.0698,"",186.4536049,33.5469113,0.8057143,"t17_f5_c3",0.9998082,17.9551,0.091,672120242,false,true,false,"","bulk_1.0.0",0,1291206804215010000
"ztf",59042.22737269988,"1288227374215010000",2,1288227374215,19.996557,-1,1288,0.125402,17.57193,16.548126,"",17.4907,"",0.040460784,100,0.015758421,0.0452,"",186.4535652,33.5468586,0.95428574,"t17_f5_c3",1,17.5037,0.0574,672120242,false,true,false,"","bulk_1.0.0",0,1291206804215010000
"ztf",59045.20680559985,"1291206804215010002",2,1291206804215,20.360283,-1,1291,0.1396431,17.540047,16.560802,"",17.5491,"",0.066189915,0.009006382,0.026859242,0.0379,"",186.4536213,33.5468901,0.67285717,"t17_f5_c3",0.99998426,17.4811,0.0443,672120242,false,true,false,"","bulk_1.0.0",0,1291239494215010000
"ztf",59045.239490699954,"1291239494215010006",1,1291239494215,20.003418,-1,1291,0.15038262,18.111368,16.748194,"",18.0498,"",0.08869652,0.01775004,0.025271846,0.0657,"",186.4536155,33.546893,0.9614286,"t17_f5_c3",0.99998355,18.0045,0.0791,672120142,true,true,false,"","bulk_1.0.0",0,0
"ztf",59165.487719899975,"1411487714215010003",2,1411487714215,20.187098,-1,1411,0.44785103,18.40466,16.342424,"",18.3741,"",0.081279434,100,0.012164279,0.0875,"",186.4534683,33.5468032,0.9042857,"t17_f5_c3",0.999874,18.3947,0.1113,672120242,false,true,false,"","bulk_1.0.0",0,1416553944215010000
"ztf",59170.553946800064,"1416553944215010001",2,1416553944215,19.973444,-1,1416,0.3486749,18.781399,16.2958,"",18.7137,"",0.13452335,100,0.013631939,0.1337,"",186.453473,33.5468432,0.87714285,"t17_f5_c3",0.9999163,18.6202,0.1543,672120242,false,true,false,"","bulk_1.0.0",0,1441511934215010000
"ztf",59173.491157399956,"1419491154215020000",1,1419491154215,20.005903,-1,1419,0.42569968,18.974382,16.590574,"",18.9574,"",0.17096204,0.010953576,0.019027254,0.1585,"",186.4534244,33.5469229,0.88714284,"t17_f5_c3",0.9957579,18.8586,0.1811,672120142,false,true,false,"","bulk_1.0.0",0,1446529284215010000
"ztf",59173.52634260012,"1419526344215020001",2,1419526344215,19.627747,-1,1419,0.15146162,18.169657,16.382418,"",18.0683,"",0.1251468,0.011008685,0.024128165,0.1179,"",186.4535532,33.5469318,0.4842857,"t17_f5_c3",0.9562986,17.9486,0.1335,672120242,false,true,false,"","bulk_1.0.0",0,1446529284215010000
"ztf",59195.511932900175,"1441511934215010001",2,1441511934215,19.960333,-1,1441,0.5625267,18.757618,16.298239,"",19.0911,"",0.11340774,100,0.0117730955,0.1657,"",186.4534969,33.5467486,0.9342857,"t17_f5_c3",0.99999964,19.0243,0.1942,672120242,false,true,false,"","bulk_1.0.0",0,1446529284215010000
"ztf",59195.53184030019,"1441531844215010002",1,1441531844215,20.008507,-1,1441,0.13716994,18.821169,16.609043,"",18.8896,"",0.13570325,0.0079070255,0.017690497,0.1134,"",186.4535208,33.5469097,0.9014286,"t17_f5_c3",0.9972415,18.7962,0.1288,672120142,false,true,false,"","bulk_1.0.0",0,1446529284215010000
"ztf",59198.49175930023,"1444491754215010001",2,1444491754215,20.316128,-1,1444,0.21018608,18.462818,16.33398,"",18.5584,"",0.1036129,100,0.014584083,0.091,"",186.4535099,33.5468682,0.94,"t17_f5_c3",1,18.5002,0.1069,672120242,false,true,false,"","bulk_1.0.0",0,1446529284215010000
"ztf",59198.529675900005,"1444529674215010003",1,1444529674215,20.47773,-1,1444,0.24087842,18.970413,16.591017,"",18.7419,"",0.11083062,100,0.012385139,0.083,"",186.4535954,33.5468365,0.9142857,"t17_f5_c3",0.99999845,18.6967,0.0979,672120142,false,true,false,"","bulk_1.0.0",0,1446529284215010000
"ztf",59200.52928239992,"1446529284215010001",2,1446529284215,19.62499,-1,1446,0.29153302,18.394875,16.343895,"",18.3492,"",0.13039695,100,0.019718587,0.1265,"",186.4535435,33.5468151,0.95,"t17_f5_c3",0.9999995,18.3197,0.1555,672120242,false,true,false,"","bulk_1.0.0",0,1475471114215015000
"ztf",59203.50450230017,"1449504504215010002",2,1449504504215,20.14242,-1,1449,0.83990157,18.804497,16.293486,"",19.1799,"",0.16326325,100,0.01616158,0.1535,"",186.4534953,33.5466662,0.80285716,"t17_f5_c3",0.9950711,19.2012,0.1936,672120242,false,true,false,"","bulk_1.0.0",0,1475471114215015000
"ztf",59203.53040509997,"1449530404215010004",1,1449530404215,20.299826,-1,1449,1.2426392,19.350824,16.555735,"",19.4258,"",0.18988019,100,0.014469165,0.1559,"",186.4533578,33.546596,0.70714283,"t17_f5_c3",0.95415854,19.2073,0.1566,672120142,false,true,false,"","bulk_1.0.0",0,1477454944215010000
"ztf",59219.44252309995,"1465442524215010003",1,1465442524215,19.873562,-1,1465,0.303034,18.432825,16.671679,"",18.5414,"",0.09090129,0.0064196703,0.017951932,0.1058,"",186.4535059,33.5468303,0.9628571,"t17_f5_c3",0.99999976,18.5773,0.138,672120142,false,true,false,"","bulk_1.0.0",0,1475471114215015000
"ztf",59219.47456019977,"1465474564215010000",2,1465474564215,20.010303,-1,1465,0.22103329,17.981014,16.422884,"",18.0523,"",0.067475565,100,0.016065503,0.0673,"",186.4535363,33.5468395,0.9628571,"t17_f5_c3",1,18.081,0.0866,672120242,false,true,false,"","bulk_1.0.0",0,1475471114215015000
"ztf",59229.47111110017,"1475471114215015000",1,1475471114215,19.936636,1,1475,0.520691,19.281008,16.396965,"",19.5141,"",0.16985722,100,0.011925234,0.1677,"",186.4536553,33.5470252,0.72,"t17_f5_c3",0.9589842,19.5214,0.2071,672120142,false,true,false,"","bulk_1.0.0",0,1477454944215010000
"ztf",59231.454942100216,"1477454944215010002",1,1477454944215,20.871391,-1,1477,0.317684,18.6463,16.634064,"",18.6643,"",0.13105391,0.012631701,0.020537894,0.0727,"",186.4534772,33.5469504,0.7985714,"t17_f5_c3",0.99119604,18.5714,0.0814,672120142,true,true,false,"","bulk_1.0.0",0,0
"ztf",59248.44016199978,"1494440164215010002",2,1494440164215,20.45504,-1,1494,0.12829083,17.391201,16.627548,"",17.4224,"",0.06171882,0.0144565655,0.030546146,0.0329,"",186.4535572,33.5468598,0.88857144,"t17_f5_c3",0.99999666,17.3946,0.04,672120242,true,true,false,"","correction_0.0.1",0,""
"ztf",59248.481250000186,"1494481244215010003",1,1494481244215,19.853743,-1,1494,0.27090523,18.021084,16.775354,"",18.0694,"",0.06774537,0.0110618295,0.021507414,0.0627,"",186.4535527,33.5468241,0.9357143,"t17_f5_c3",0.9999994,18.0887,0.0803,672120142,true,true,false,"","correction_0.0.1",0,""
"ztf",59250.359525499865,"1496359524215010004",1,1496359524215,20.372025,-1,1496,0.44866973,18.455763,16.667204,"",18.3342,"",0.093584344,0.0067826784,0.018021043,0.057,"",186.4534187,33.546868,0.9128571,"t17_f5_c3",0.999974,18.3327,0.0698,672120142,true,true,false,"","correction_0.0.1",0,""
"ztf",59250.38112269994,"1496381124215010003",2,1496381124215,20.283218,-1,1496,0.20437242,17.758245,16.483414,"",17.7776,"",0.060964253,100,0.018842665,0.0417,"",186.4535465,33.5468404,0.9557143,"t17_f5_c3",0.9999998,17.7631,0.0508,672120242,true,true,false,"","correction_0.0.1",0,""
"ztf",59252.33049769979,"1498330494215010004",2,1498330494215,20.720655,-1,1498,0.14243868,17.995928,16.419363,"",17.9866,"",0.10497109,0.010504812,0.024572182,0.0469,"",186.4535375,33.5468672,0.8157143,"t17_f5_c3",0.9637376,17.9208,0.054,672120242,true,true,false,"","correction_0.0.1",0,""
"ztf",59252.49099540012,"1498490994215010006",1,1498490994215,20.860151,-1,1498,0.1387731,18.255108,16.710497,"",18.3059,"",0.0828599,0.0098555265,0.0199756,0.0515,"",186.453549,33.546863,0.95285714,"t17_f5_c3",0.9999654,18.3005,0.0625,672120142,true,true,false,"","correction_0.0.1",0,""
"ztf",59256.426388899796,"1502426384215010002",2,1502426384215,20.724003,-1,1502,0.15261237,18.52953,16.324911,"",18.5228,"",0.10367517,100,0.013609048,0.0736,"",186.4535317,33.5469172,0.48142856,"t17_f5_c3",0.9086964,18.5162,0.0896,672120242,true,true,false,"","correction_0.0.1",0,""
"ztf",59258.35347220022,"1504353474215010002",2,1504353474215,20.519222,-1,1504,0.018542467,18.403395,16.342613,"",18.5344,"",0.075320184,100,0.011287523,0.087,"",186.4535694,33.5468963,0.7614286,"t17_f5_c3",0.99983215,18.5489,0.1088,672120242,true,true,false,"","correction_0.0.1",0,""
"ztf",59264.35137729999,"1510351374215010003",1,1510351374215,20.83909,-1,1510,0.341255,18.34246,16.690449,"",18.2615,"",0.08210523,0.005524122,0.017929414,0.0504,"",186.4535043,33.5468182,0.95857143,"t17_f5_c3",0.99999624,18.21,0.0587,672120142,true,true,false,"","correction_0.0.1",0,""
"ztf",59264.37008100003,"1510370084215010001",2,1510370084215,20.833069,-1,1510,0.16859503,17.962406,16.427362,"",17.942,"",0.07327189,100,0.017820487,0.0418,"",186.4535789,33.5468458,0.7657143,"t17_f5_c3",0.99999094,17.9911,0.0535,672120242,true,true,false,"","correction_0.0.1",0,""
"ztf",59266.36403940013,"1512364034215010003",2,1512364034215,19.959953,-1,1512,0.8008353,18.343079,16.351948,"",18.3103,"",0.08542243,100,0.0136495875,0.0725,"",186.4534976,33.5466772,0.8757143,"t17_f5_c3",0.99997556,18.3262,0.0914,672120242,true,true,false,"","correction_0.0.1",0,""
"ztf",59268.37212960003,"1514372124215010001",2,1514372124215,20.41585,-1,1514,0.15785396,18.542965,16.32316,"",18.5468,"",0.16112587,0.0046572685,0.020856604,0.0934,"",186.4535256,33.5469192,0.51857144,"t17_f5_c3",0.7181119,18.523,0.1137,672120242,true,true,false,"","correction_0.0.1",0,""
"ztf",59270.341550900135,"1516341554215010002",2,1516341554215,19.641626,-1,1516,0.24965613,18.178638,16.380695,"",18.2291,"",0.09977136,100,0.019047081,0.1124,"",186.4534996,33.5468605,0.94714284,"t17_f5_c3",0.99995446,18.0323,0.1191,672120242,true,true,false,"","correction_0.0.1",0,""
"ztf",59270.40332179982,"1516403324215010004",1,1516403324215,19.559828,-1,1516,0.3261327,18.551788,16.64965,"",18.5867,"",0.10495708,0.007841323,0.01820357,0.157,"",186.4534557,33.5468862,0.9614286,"t17_f5_c3",0.99995446,18.5263,0.1891,672120142,true,true,false,"","correction_0.0.1",0,""
"ztf",59272.443784699775,"1518443784215010001",2,1518443784215,19.251076,-1,1518,0.19419447,17.857601,16.454458,"",17.7431,"",0.06145962,100,0.016878441,0.1006,"",186.4535568,33.5468404,0.95,"t17_f5_c3",0.9999982,17.953,0.1559,672120242,true,true,false,"","correction_0.0.1",0,""
"ztf",59274.23513890011,"1520235134215010008",1,1520235134215,18.5335,-1,1520,0.193028,18.4693,16.664618,"",18.4931,"",0.221507,0.038584054,0.04202567,0.1914,"",186.4535798,33.5468466,0.687143,"t17_f5_c3","",18.4793,0.2418,"",false,true,false,"","correction_0.0.1",0,""
"ztf",59274.389675899874,"1520389674215010001",2,1520389674215,19.256319,-1,1520,0.32502314,18.084034,16.399733,"",18.3145,"",0.10903754,0.007634909,0.023112938,0.1221,"",186.4534938,33.546831,0.89857143,"t17_f5_c3",0.9999672,18.4862,0.1818,672120242,true,true,false,"","correction_0.0.1",0,""
"ztf",59276.26903939992,"1522269034215010003",1,1522269034215,19.827496,-1,1522,0.2640006,18.142124,16.739588,"",18.1211,"",0.08341087,0.014380482,0.022919664,0.0745,"",186.4534947,33.5468543,0.96428573,"t17_f5_c3",0.9999989,18.1192,0.0939,672120142,true,true,false,"","correction_0.0.1",0,""
"ztf",59276.359259299934,"1522359254215010002",2,1522359254215,20.153591,-1,1522,0.111517966,17.706135,16.500038,"",17.7026,"",0.048776414,100,0.01606096,0.0497,"",186.4535657,33.5468625,0.9614286,"t17_f5_c3",0.9999999,17.6208,0.0578,672120242,true,true,false,"","correction_0.0.1",0,""
"ztf",59280.29949070001,"1526299494215010001",2,1526299494215,20.698591,-1,1526,0.11817971,17.602186,16.536566,"",17.5881,"",0.047300216,100,0.017726183,0.0321,"",186.4535844,33.5468608,0.9057143,"t17_f5_c3",0.99999225,17.5657,0.0384,672120242,true,true,false,"","correction_0.0.1",0,""
"ztf",59280.29949070001,"1526299494215020001",2,1526299494215,20.6986,-1,1526,0.11818,17.6022,16.536562,"",17.5881,"",0.0473,100,0.017725801,0.0321,"",186.4535844,33.5468608,0.905714,"t17_f5_c3","",17.5657,0.0384,"",false,true,false,"","correction_0.0.1",0,""
"ztf",59280.37261570012,"1526372614215010005",1,1526372614215,20.471285,-1,1526,0.19341734,18.202238,16.723637,"",18.1737,"",0.09115805,0.015365626,0.023353636,0.0499,"",186.4535538,33.546846,0.94285715,"t17_f5_c3",0.9999999,18.1699,0.0611,672120142,true,true,false,"","correction_0.0.1",0,""
"ztf",59290.325914400164,"1536325914215010006",1,1536325914215,20.76218,-1,1536,0.19774549,18.08377,16.756187,"",18.0762,"",0.08794976,0.018496048,0.025894133,0.0441,"",186.4535366,33.5468493,0.94285715,"t17_f5_c3",0.9999998,18.0265,0.0515,672120142,true,true,false,"","correction_0.0.1",0,""
"ztf",59290.352534700185,"1536352534215010004",2,1536352534215,20.730787,-1,1536,0.16604343,17.544462,16.559015,"",17.5158,"",0.041505102,100,0.016746443,0.0301,"",186.4535849,33.5468471,0.9071429,"t17_f5_c3",0.9999988,17.5108,0.0367,672120242,true,true,false,"","correction_0.0.1",0,""
"ztf",59292.29996530013,"1538299964215010005",1,1538299964215,20.681866,-1,1538,0.12397327,18.058796,16.76365,"",18.0012,"",0.061487477,0.00386703,0.018652149,0.0431,"",186.4535369,33.546874,0.9628571,"t17_f5_c3",0.99998844,17.9942,0.0525,672120142,true,true,false,"","correction_0.0.1",0,""
"ztf",59292.35160879977,"1538351604215010001",2,1538351604215,20.742222,-1,1538,0.18519185,17.584421,16.543299,"",17.6328,"",0.033699825,100,0.012917517,0.0332,"",186.453561,33.5468421,0.91,"t17_f5_c3",0.999998,17.5973,0.0394,672120242,true,true,false,"","correction_0.0.1",0,""
"ztf",59295.24107640004,"1541241074215010002",2,1541241074215,20.087908,-1,1541,0.54631156,18.584505,16.317898,"",18.5562,"",0.10662962,100,0.013220108,0.108,"",186.4534066,33.5468293,0.89,"t17_f5_c3",0.99873465,18.4817,0.1262,672120242,true,true,false,"","correction_0.0.1",0,""
"ztf",59295.28040509997,"1541280404215010003",1,1541280404215,19.781597,-1,1541,0.46580446,19.029839,16.584574,"",19.315,"",0.1475111,0.0011329331,0.015513809,0.1995,"",186.4534872,33.546786,0.93285716,"t17_f5_c3",0.999977,19.2336,0.2323,672120142,true,true,false,"","correction_0.0.1",0,""
"ztf",59297.27549770009,"1543275494215010004",2,1543275494215,19.64757,-1,1543,0.25480488,17.635695,16.524271,"",17.677,"",0.059080455,100,0.021226298,0.0572,"",186.4535188,33.5468383,0.95428574,"t17_f5_c3",0.9999999,17.6819,0.0726,672120242,true,true,false,"","correction_0.0.1",0,""
"ztf",59297.30521989986,"1543305214215010007",1,1543305214215,19.525375,-1,1543,0.5743248,17.988447,16.785925,"",18.1162,"",0.08787652,0.022269107,0.029031135,0.0785,"",186.4534084,33.5468049,0.92285717,"t17_f5_c3",0.9992057,18.1446,0.1018,672120142,true,true,false,"","correction_0.0.1",0,""
"ztf",59301.266354199965,"1547266354215010003",1,1547266354215,18.70932,-1,1547,0.7393475,18.247398,16.712364,"",18.214,"",0.13599579,0.028126158,0.03307588,0.1823,"",186.4534484,33.546716,0.8457143,"t17_f5_c3",0.99988323,18.2442,0.24,672120142,true,true,false,"","correction_0.0.1",0,""
"ztf",59301.314652800094,"1547314654215010002",2,1547314654215,18.819101,-1,1547,0.5489713,17.931679,16.434969,"",18.1764,"",0.099376395,0.010911839,0.025037963,0.1549,"",186.4535293,33.5467433,0.86,"t17_f5_c3",0.99952817,18.2395,0.2097,672120242,true,true,false,"","correction_0.0.1",0,""
"ztf",59303.3500926001,"1549350094215010003",2,1549350094215,19.633156,-1,1549,0.1904257,17.354845,16.646002,"",17.3312,"",0.05223969,100,0.027193392,0.051,"",186.4536031,33.5468451,0.9442857,"t17_f5_c3",0.9999996,17.3135,0.0638,672120242,true,true,false,"","correction_0.0.1",0,""
"ztf",59303.36133099999,"1549361334215010003",1,1549361334215,19.452213,-1,1549,0.091548786,17.910648,16.812902,"",17.8915,"",0.09888455,0.030492747,0.03597743,0.0945,"",186.4535662,33.5468738,0.8442857,"t17_f5_c3",0.9999999,17.8833,0.1197,672120142,true,true,false,"","correction_0.0.1",0,""
"ztf",59305.2799769002,"1551279974215010001",1,1551279974215,19.840559,-1,1551,0.2619335,18.377068,16.683037,"",18.4554,"",0.12099496,0.01895026,0.025418783,0.1182,"",186.4534781,33.5469111,0.93857145,"t17_f5_c3",0.9999865,18.4035,0.1424,672120142,true,true,false,"","correction_0.0.1",0,""
"ztf",59307.266319400165,"1553266314215010003",2,1553266314215,20.729393,-1,1553,0.03490182,18.045496,16.40808,"",18.0657,"",0.12949158,0.018387495,0.028659916,0.0498,"",186.4535746,33.5469028,0.79571426,"t17_f5_c3",0.9974526,18.019,0.0584,672120242,true,true,false,"","correction_0.0.1",0,""
"ztf",59309.25710650021,"1555257104215010003",2,1555257104215,20.496763,-1,1555,0.18708254,17.772945,16.47891,"",17.7481,"",0.07766204,0.0023452053,0.023582757,0.0436,"",186.4535247,33.5468605,0.88714284,"t17_f5_c3",0.9999883,17.7043,0.0517,672120242,true,true,false,"","correction_0.0.1",0,""
"ztf",59309.29973379988,"1555299734215010006",1,1555299734215,20.681787,-1,1555,0.34003967,18.45033,16.668255,"",18.5328,"",0.09909719,0.009446036,0.01919688,0.0677,"",186.4535143,33.546814,0.94857144,"t17_f5_c3",0.9999994,18.4892,0.0796,672120142,true,true,false,"","correction_0.0.1",0,""
"ztf",59311.24674770003,"1557246744215010004",1,1557246744215,20.526352,-1,1557,0.060777977,17.892328,16.819645,"",17.8995,"",0.05714594,0.009142774,0.02127709,0.0394,"",186.453577,33.5468854,0.9614286,"t17_f5_c3",0.99999964,17.9267,0.0497,672120142,true,true,false,"","correction_0.0.1",0,""
"ztf",59313.22648150008,"1559226484215010004",2,1559226484215,20.564926,-1,1559,0.03557572,17.60545,16.535345,"",17.6694,"",0.100288875,0.028106531,0.037429262,0.0379,"",186.4535851,33.5468975,0.7842857,"t17_f5_c3",0.9979354,17.6896,0.0476,672120242,true,true,false,"","correction_0.0.1",0,""
"ztf",59313.26371529978,"1559263714215010005",1,1559263714215,20.471455,-1,1559,0.11830646,18.368599,16.684824,"",18.4493,"",0.0801945,0.0011394524,0.017007267,0.0728,"",186.4535258,33.5468949,0.9557143,"t17_f5_c3",0.9999999,18.5492,0.0986,672120142,true,true,false,"","correction_0.0.1",0,""
"ztf",59315.21524310019,"1561215244215010007",1,1561215244215,20.80655,-1,1561,0.15632696,18.216663,16.719973,"",18.1796,"",0.09441475,0.016083343,0.02378829,0.0493,"",186.453532,33.5469335,0.9285714,"t17_f5_c3",0.9999999,18.1767,0.06,672120142,true,true,false,"","correction_0.0.1",0,""
"ztf",59315.26673609996,"1561266734215010001",2,1561266734215,19.500608,-1,1561,0.14075743,17.773443,16.478758,"",17.6878,"",0.11291397,0.02497443,0.034266826,0.0959,"",186.4535897,33.5468555,0.6957143,"t17_f5_c3",0.9922471,17.8245,0.1376,672120242,true,true,false,"","correction_0.0.1",0,""
"ztf",59317.20593750011,"1563205934215010001",2,1563205934215,20.68704,-1,1563,0.22338435,17.785631,16.475086,"",17.8207,"",0.065516174,100,0.019594345,0.0387,"",186.4535322,33.5468409,0.9457143,"t17_f5_c3",1,17.7985,0.0463,672120242,true,true,false,"","correction_0.0.1",0,""
"ztf",59317.20593750011,"1563205934215020001",2,1563205934215,20.687,-1,1563,0.223384,17.7856,16.475096,"",17.8207,"",0.065516,100,0.01959501,0.0387,"",186.4535322,33.5468409,0.945714,"t17_f5_c3","",17.7985,0.0463,"",false,true,false,"","correction_0.0.1",0,""
"ztf",59317.2399420999,"1563239944215010002",1,1563239944215,20.994835,-1,1563,0.15226522,18.263615,16.708456,"",18.2459,"",0.06795473,100,0.01622393,0.0456,"",186.4535145,33.5469058,0.95285714,"t17_f5_c3",0.99998695,18.1919,0.0523,672120142,true,true,false,"","correction_0.0.1",0,""
"ztf",59317.2399420999,"1563239944215020002",1,1563239944215,20.9948,-1,1563,0.152265,18.2636,16.70846,"",18.2459,"",0.067955,100,0.016224278,0.0456,"",186.4535145,33.5469058,0.952857,"t17_f5_c3","",18.1919,0.0523,"",false,true,false,"","correction_0.0.1",0,""
"ztf",59321.26612270018,"1567266124215010003",1,1567266124215,20.961246,-1,1567,0.19429581,18.379028,16.682625,"",18.3156,"",0.119657025,0.01850309,0.025082843,0.0516,"",186.4535067,33.5469238,0.7842857,"t17_f5_c3",0.9796892,18.2569,0.0593,672120142,true,true,false,"","correction_0.0.1",0,""
"ztf",59321.300451400224,"1567300454215010005",2,1567300454215,20.795628,-1,1567,0.0918946,17.891582,16.445309,"",17.9076,"",0.06457064,100,0.017042192,0.0412,"",186.4535485,33.5468787,0.8685714,"t17_f5_c3",0.9995516,17.884,0.0492,672120242,true,true,false,"","correction_0.0.1",0,""
"ztf",59323.2816666998,"1569281664215010001",1,1569281664215,20.308651,-1,1569,0.16904761,18.109133,16.748833,"",17.9717,"",0.08876209,0.017861197,0.025357544,0.0481,"",186.453569,33.5468521,0.9557143,"t17_f5_c3",0.9999999,17.8616,0.054,672120142,true,true,false,"","correction_0.0.1",0,""
"ztf",59323.3435531999,"1569343554215010004",2,1569343554215,20.313753,-1,1569,0.16435356,17.601574,16.536797,"",17.6096,"",0.04714604,100,0.017682107,0.0378,"",186.4535787,33.5468469,0.93142855,"t17_f5_c3",1,17.6021,0.0465,672120242,true,true,false,"","correction_0.0.1",0,""
"ztf",59325.26707179984,"1571267074215010002",2,1571267074215,20.223194,-1,1571,0.14005022,17.820517,16.464867,"",17.8176,"",0.07635,100,0.02190531,0.051,"",186.4535345,33.5468717,0.9457143,"t17_f5_c3",0.9999945,17.8168,0.0637,672120242,true,true,false,"","correction_0.0.1",0,""
"ztf",59325.347986099776,"1571347984215010006",1,1571347984215,19.942541,-1,1571,0.19142564,18.26788,16.70744,"",18.2383,"",0.07036135,100,0.016717,0.0757,"",186.4535564,33.5468462,0.96428573,"t17_f5_c3",0.9999995,18.2175,0.0934,672120142,true,true,false,"","correction_0.0.1",0,""
"ztf",59329.349768499844,"1575349764215010002",1,1575349764215,19.237787,-1,1575,0.26791984,18.08608,16.755508,"",18.3019,"",0.08655262,0.017827371,0.025412733,0.1587,"",186.4534952,33.546852,0.95285714,"t17_f5_c3",0.99999595,18.3438,0.2107,672120142,true,true,false,"","correction_0.0.1",0,""
"ztf",59329.349768499844,"1575349764215030002",1,1575349764215,19.2378,-1,1575,0.26792,18.0861,16.755503,"",18.3019,"",0.086553,0.017826803,0.025412267,0.1587,"",186.4534952,33.546852,0.952857,"t17_f5_c3","",18.3438,0.2107,"",false,true,false,"","correction_0.0.1",0,""
"ztf",59338.257662000135,"1584257664215010001",2,1584257664215,20.633072,-1,1584,0.28816003,18.317545,16.356085,"",18.3393,"",0.10084438,100,0.016560266,0.0661,"",186.4535284,33.5468216,0.84,"t17_f5_c3",0.9997315,18.2766,0.0766,672120242,true,true,false,"","correction_0.0.1",0,""
"ztf",59338.30732640019,"1584307324215010006",1,1584307324215,20.576433,-1,1584,0.28349778,18.717106,16.623375,"",18.7752,"",0.11471188,0.0045812503,0.016676923,0.0911,"",186.4534955,33.5468451,0.91,"t17_f5_c3",0.99999845,18.8225,0.1172,672120142,true,true,false,"","correction_0.0.1",0,""
"ztf",59340.227037000004,"1586227034215010004",1,1586227034215,20.86501,-1,1586,0.077091634,18.31038,16.697582,"",18.2323,"",0.086035915,0.009199131,0.019478712,0.0494,"",186.4535502,33.5469171,0.93285716,"t17_f5_c3",0.99998856,18.231,0.0601,672120142,true,true,false,"","correction_0.0.1",0,""
"ztf",59340.301041699946,"1586301044215010004",2,1586301044215,20.619528,-1,1586,0.12951459,17.780373,16.476664,"",17.7847,"",0.057747457,100,0.017379994,0.0397,"",186.4535881,33.5468584,0.9557143,"t17_f5_c3",0.9999821,17.7041,0.0452,672120242,true,true,false,"","correction_0.0.1",0,""
"ztf",59342.30300930003,"1588303004215010002",2,1588303004215,20.614882,-1,1588,0.079338446,17.642294,16.52191,"",17.694,"",0.053073984,100,0.018911581,0.0355,"",186.4535712,33.5468708,0.95428574,"t17_f5_c3",0.9999999,17.6995,0.0437,672120242,true,true,false,"","correction_0.0.1",0,""
"ztf",59342.3541203998,"1588354124215010008",1,1588354124215,20.59044,-1,1588,0.32178047,18.128601,16.743334,"",18.1714,"",0.08799145,0.016815707,0.02456595,0.0485,"",186.4535654,33.546809,0.95285714,"t17_f5_c3",0.9999654,18.1611,0.0585,672120142,true,true,false,"","correction_0.0.1",0,""
"ztf",59344.243414400145,"1590243414215010004",2,1590243414215,20.769323,-1,1590,0.1871539,17.607178,16.534702,"",17.5875,"",0.06107652,100,0.02274489,0.031,"",186.4535694,33.5468405,0.8371429,"t17_f5_c3",0.99909127,17.5665,0.0371,672120242,true,true,false,"","correction_0.0.1",0,""
"ztf",59344.287476900034,"1590287474215010005",1,1590287474215,20.863203,-1,1590,0.10539062,18.01933,16.775913,"",18.0572,"",0.08394052,0.019303989,0.026705775,0.0411,"",186.4535413,33.5468778,0.9614286,"t17_f5_c3",0.999998,18.0905,0.0514,672120142,true,true,false,"","correction_0.0.1",0,""
"ztf",59346.281481499784,"1592281484215010004",2,1592281484215,20.6643,-1,1592,0.14089693,18.08831,16.398827,"",18.0342,"",0.110888064,0.008492526,0.02339331,0.0508,"",186.4535455,33.5468615,0.85,"t17_f5_c3",0.9886551,17.9664,0.0585,672120242,true,true,false,"","correction_0.0.1",0,""
"ztf",59346.317847200204,"1592317844215010007",1,1592317844215,20.55137,-1,1592,0.2981868,18.492666,16.66024,"",18.389,"",0.1039548,0.009716681,0.019225346,0.0643,"",186.4536155,33.5468268,0.93857145,"t17_f5_c3",0.99999976,18.3661,0.0775,672120142,true,true,false,"","correction_0.0.1",0,""
"ztf",59348.255868100096,"1594255864215010005",1,1594255864215,20.873898,-1,1594,0.1108606,18.250355,16.711645,"",18.1734,"",0.07605818,0.0061111506,0.01843581,0.0468,"",186.4535661,33.5468683,0.94714284,"t17_f5_c3",0.9999982,18.1466,0.0558,672120142,true,true,false,"","correction_0.0.1",0,""
"ztf",59348.32145830011,"1594321454215010004",2,1594321454215,20.66069,-1,1594,0.032774057,17.698238,16.502651,"",17.7518,"",0.06586714,100,0.021899495,0.0389,"",186.4535839,33.5468977,0.82285714,"t17_f5_c3",0.99997914,17.7056,0.0458,672120242,true,true,false,"","correction_0.0.1",0,""
"ztf",59350.26187499985,"1596261874215010003",2,1596261874215,20.31856,-1,1596,0.2185539,17.899696,16.443176,"",17.8999,"",0.057548966,100,0.015046301,0.0454,"",186.4535873,33.5468325,0.95285714,"t17_f5_c3",0.99999976,17.8507,0.0533,672120242,true,true,false,"","correction_0.0.1",0,""
"ztf",59354.23951390013,"1600239514215010000",2,1600239514215,19.702246,-1,1600,0.30121675,17.811247,16.46754,"",17.7904,"",0.060668115,100,0.017598612,0.0567,"",186.4535358,33.5468146,0.95,"t17_f5_c3",0.9999912,17.7576,0.0691,672120242,true,true,false,"","correction_0.0.1",0,""
"ztf",59354.30818289984,"1600308184215010002",1,1600308184215,19.400333,-1,1600,0.8334786,18.412674,16.675703,"",18.2832,"",0.13069311,0.020331258,0.026391493,0.0887,"",186.4536148,33.5466688,0.6028572,"t17_f5_c3",0.98818225,18.2622,0.1099,672120142,true,true,false,"","correction_0.0.1",0,""
"ztf",59356.20135420002,"1602201354215010002",1,1602201354215,19.426678,-1,1602,0.6085985,18.282492,16.703997,"",18.1192,"",0.12199278,0.022677995,0.028505998,0.0911,"",186.4534265,33.5467736,0.88,"t17_f5_c3",0.9999121,18.079,0.1115,672120142,true,true,false,"","correction_0.0.1",0,""
"ztf",59356.25635420019,"1602256354215010002",2,1602256354215,19.880508,-1,1602,0.109064355,17.700356,16.50195,"",17.7424,"",0.05635895,100,0.018689604,0.064,"",186.453554,33.5468675,0.8585714,"t17_f5_c3",0.99991405,17.8254,0.0873,672120242,true,true,false,"","correction_0.0.1",0,""
"ztf",59359.217754600104,"1605217754215010001",2,1605217754215,19.635366,-1,1605,0.18320802,18.08099,16.400377,"",18.2852,"",0.090079345,100,0.01915934,0.1251,"",186.4535478,33.5468465,0.77,"t17_f5_c3",0.9999684,18.3557,0.1695,672120242,true,true,false,"","correction_0.0.1",0,""
"ztf",59362.19222219987,"1608192224215010003",1,1608192224215,20.660013,-1,1608,0.22598402,18.669794,16.630428,"",18.6309,"",0.10806875,0.003513551,0.016517855,0.078,"",186.4534962,33.5468729,0.93714285,"t17_f5_c3",0.9999877,18.6442,0.0973,672120142,true,true,false,"","correction_0.0.1",0,""
"ztf",59362.239687500056,"1608239684215010002",2,1608239684215,20.16113,-1,1608,0.16104463,18.133417,16.389545,"",18.1867,"",0.09962069,100,0.019989466,0.0788,"",186.4535672,33.5468481,0.80142856,"t17_f5_c3",0.9999664,18.1572,0.0963,672120242,true,true,false,"","correction_0.0.1",0,""
"ztf",59364.312731499784,"1610312734215010001",2,1610312734215,20.202682,-1,1610,0.12734781,17.765663,16.48113,"",17.8032,"",0.08920742,0.013922915,0.027326753,0.054,"",186.4536147,33.5468754,0.92142856,"t17_f5_c3",0.9999987,17.817,0.0685,672120242,true,true,false,"","correction_0.0.1",0,""
"ztf",59366.214548599906,"1612214544215010002",2,1612214544215,20.625216,-1,1612,0.19993462,17.746784,16.48698,"",17.7851,"",0.061438993,100,0.019254068,0.04,"",186.4536007,33.5468413,0.9457143,"t17_f5_c3",0.99998665,17.7658,0.0481,672120242,true,true,false,"","correction_0.0.1",0,""
"ztf",59366.23695599986,"1612236954215010006",1,1612236954215,20.643457,-1,1612,0.11211378,18.13487,16.74159,"",18.1904,"",0.072851546,0.009377013,0.020189544,0.052,"",186.4535342,33.5468818,0.9628571,"t17_f5_c3",0.9999987,18.1498,0.0615,672120142,true,true,false,"","correction_0.0.1",0,""
"ztf",59368.2177893999,"1614217784215010002",2,1614217784215,20.617744,-1,1614,0.16370614,17.988901,16.421015,"",18.0223,"",0.07215472,100,0.017025897,0.0504,"",186.4535398,33.5468571,0.94714284,"t17_f5_c3",0.9999995,17.9724,0.0591,672120242,true,true,false,"","correction_0.0.1",0,""
"ztf",59370.26508100005,"1616265084215010002",2,1616265084215,20.380695,-1,1616,0.16641116,17.937012,16.433628,"",17.9495,"",0.094819434,0.0075612413,0.023743466,0.0518,"",186.4535592,33.546848,0.96,"t17_f5_c3",0.99999976,17.9145,0.0621,672120242,true,true,false,"","correction_0.0.1",0,""
"ztf",59375.215694400016,"1621215694215010002",2,1621215694215,20.500463,-1,1621,0.23585725,17.534391,16.563105,"",17.501,"",0.06453533,0.0072735054,0.026380492,0.0326,"",186.4535513,33.5468295,0.9085714,"t17_f5_c3",0.99999994,17.4751,0.0393,672120242,true,true,false,"","correction_0.0.1",0,""
"ztf",59375.26302079996,"1621263024215010005",1,1621263024215,20.233799,-1,1621,0.14109746,18.209126,16.72188,"",18.279,"",0.0733,0.0062269517,0.018629683,0.0655,"",186.4535787,33.5468614,0.95857143,"t17_f5_c3",0.99999607,18.2997,0.083,672120142,true,true,false,"","correction_0.0.1",0,""
"ztf",59377.23848380009,"1623238484215010004",2,1623238484215,20.617878,-1,1623,0.19165942,17.842571,16.458622,"",17.8799,"",0.07507114,100,0.020984236,0.0452,"",186.4535332,33.5468514,0.8314286,"t17_f5_c3",0.9997656,17.8672,0.055,672120242,true,true,false,"","correction_0.0.1",0,""
"ztf",59377.306330999825,"1623306334215010003",1,1623306334215,20.25887,-1,1623,0.2558189,18.419006,16.674427,"",18.3915,"",0.13733613,0.021815771,0.027539335,0.0821,"",186.4536275,33.5469496,0.85,"t17_f5_c3",0.9999951,18.3731,0.1009,672120142,true,true,false,"","correction_0.0.1",0,""
"ztf",59379.224641200155,"1625224644215010000",2,1625224644215,20.545,-1,1625,0.055325,18.6215,16.313398,"",18.688,"",0.159846,100,0.01907484,0.0984,"",186.4535864,33.5468812,0.434286,"t17_f5_c3","",18.7277,0.126,"",false,true,false,"","correction_0.0.1",0,""
"ztf",59381.20250000013,"1627202494215010002",2,1627202494215,19.16503,-1,1627,0.6329314,18.480019,16.331581,"",18.4077,"",0.16999817,0.011510222,0.023500096,0.229,"",186.4533612,33.5469045,0.53571427,"t17_f5_c3",0.97710013,18.269,0.257,672120242,true,true,false,"","correction_0.0.1",0,""
"ztf",59383.197523099836,"1629197524215010002",2,1629197524215,19.597515,-1,1629,0.14882547,17.882895,16.447613,"",17.9161,"",0.07389578,100,0.019701852,0.0979,"",186.4535862,33.5468523,0.92714286,"t17_f5_c3",0.99999905,17.9488,0.1283,672120242,true,true,false,"","correction_0.0.1",0,""
"ztf",59385.205590299796,"1631205594215010002",1,1631205594215,19.612074,-1,1631,0.06315323,18.185318,16.728014,"",18.2426,"",0.10014995,0.01930907,0.026165513,0.1089,"",186.4535469,33.5468908,0.8385714,"t17_f5_c3",0.99999523,18.4258,0.1638,672120142,true,true,false,"","correction_0.0.1",0,""
"ztf",59385.21986109996,"1631219864215010002",2,1631219864215,19.684656,-1,1631,0.14676955,17.618107,16.530659,"",17.5717,"",0.06589388,100,0.024202833,0.059,"",186.4535701,33.5468519,0.95714283,"t17_f5_c3",0.99999905,17.5565,0.0736,672120242,true,true,false,"","correction_0.0.1",0,""
"ztf",59387.19637730019,"1633196374215010001",2,1633196374215,19.736382,-1,1633,0.050454933,18.20572,16.3756,"",18.2146,"",0.12738618,0.01010702,0.023608815,0.1132,"",186.4535589,33.5468869,0.64285713,"t17_f5_c3",0.9783985,18.3218,0.1586,672120242,true,true,false,"","correction_0.0.1",0,""
"ztf",59387.30440969998,"1633304404215010001",1,1633304404215,18.764359,-1,1633,0.5415413,18.602718,16.641056,"",18.9244,"",0.1764806,0.023957014,0.028975556,0.4133,"",186.4534575,33.5467766,0.78571427,"t17_f5_c3",0.99957997,18.5436,0.3727,672120142,true,true,false,"","correction_0.0.1",0,""
"ztf",59391.20528940018,"1637205284215010002",1,1637205284215,19.681343,-1,1637,0.26829198,18.266197,16.70784,"",18.2445,"",0.08643637,0.011087737,0.020575652,0.0933,"",186.4535182,33.5468352,0.9557143,"t17_f5_c3",0.9999995,18.2129,0.1147,672120142,true,true,false,"","correction_0.0.1",0,""
"ztf",59391.26418979978,"1637264184215010002",2,1637264184215,19.558207,-1,1637,0.050494216,17.63201,16.525599,"",17.7648,"",0.057615448,100,0.020795729,0.0791,"",186.4535727,33.5468789,0.94285715,"t17_f5_c3",0.9999999,17.6855,0.0935,672120242,true,true,false,"","correction_0.0.1",0,""
"ztf",59393.19806709979,"1639198064215010002",2,1639198064215,20.426764,-1,1639,0.109185144,17.223753,16.72107,"",17.2163,"",0.052489165,0.01520589,0.033036653,0.0268,"",186.4535906,33.5468655,0.91714287,"t17_f5_c3",1,17.1901,0.0324,672120242,true,true,false,"","correction_0.0.1",0,""
"ztf",59393.30848379992,"1639308484215010002",1,1639308484215,18.894405,-1,1639,0.341035,17.86887,16.82851,"",17.7252,"",0.10354339,0.034673557,0.03971722,0.1052,"",186.4536364,33.546824,0.9,"t17_f5_c3",0.99927336,17.7147,0.1332,672120142,true,true,false,"","correction_0.0.1",0,""
"ztf",59395.22502310015,"1641225024215010000",2,1641225024215,19.819664,-1,1641,0.14069392,17.657787,16.516441,"",17.657,"",0.06804165,100,0.023781354,0.0613,"",186.4535276,33.5469,0.95285714,"t17_f5_c3",1,17.6709,0.0783,672120242,true,true,false,"","correction_0.0.1",0,""
"ztf",59395.246388900094,"1641246384215010013",1,1641246384215,19.174082,-1,1641,0.444826,18.238438,16.714554,"",18.2665,"",0.1549522,0.033846363,0.03807538,0.1581,"",186.4534581,33.546812,0.8957143,"t17_f5_c3",0.9999789,18.3525,0.2175,672120142,true,true,false,"","correction_0.0.1",0,""
"ztf",59397.20339119993,"1643203394215010001",2,1643203394215,20.487236,-1,1643,0.10553037,17.480064,16.586119,"",17.4678,"",0.053994484,100,0.023701262,0.0341,"",186.4535528,33.5469166,0.69285715,"t17_f5_c3",0.99819285,17.4333,0.041,672120242,true,true,false,"","correction_0.0.1",0,""
"ztf",59397.26675930014,"1643266754215010002",1,1643266754215,19.895895,-1,1643,0.1253287,18.15428,16.73627,"",18.0619,"",0.09368217,0.018095836,0.02537779,0.0727,"",186.4535753,33.5468653,0.9771429,"t17_f5_c3",0.9999895,17.9976,0.0862,672120142,true,true,false,"","correction_0.0.1",0,""
"ztf",59512.52145829983,"1758521454215010001",2,1758521454215,19.3923,-1,1758,0.179788,17.644,16.521303,"",17.6766,"",0.065522,100,0.023297453,0.0669,"",186.4535566,33.5468447,0.962857,"t17_f5_c3","",17.6639,0.0838,"",false,true,false,"","correction_1.0.6",0,1773495104215010000
"ztf",59512.52400460001,"1758524004215010002",2,1758524004215,19.4885,-1,1758,0.245946,17.6265,16.527594,"",17.6791,"",0.067639,0.0014192871,0.024582999,0.0661,"",186.4535344,33.5468324,0.955714,"t17_f5_c3","",17.6523,0.0817,"",false,true,false,"","correction_1.0.6",0,1773495104215010000
"ztf",59512.526562499814,"1758526564215010003",2,1758526564215,19.692,-1,1758,0.167299,17.6206,16.529745,"",17.6504,"",0.081364,0.016817376,0.029791376,0.0636,"",186.4535187,33.5468849,0.942857,"t17_f5_c3","",17.5975,0.0767,"",false,true,false,"","correction_1.0.6",0,1773495104215010000
"ztf",59512.529108799994,"1758529104215010002",2,1758529104215,19.6463,-1,1758,0.101903,17.6999,16.5021,"",17.6887,"",0.059424,100,0.01971705,0.0648,"",186.4535414,33.5468847,0.96,"t17_f5_c3","",17.6158,0.0768,"",false,true,false,"","correction_1.0.6",0,1773495104215010000
"ztf",59512.5316666998,"1758531664215010002",2,1758531664215,19.6792,-1,1758,0.131489,17.7026,16.501205,"",17.6429,"",0.068472,100,0.02264409,0.063,"",186.4535343,33.5468769,0.965714,"t17_f5_c3","",17.6313,0.079,"",false,true,false,"","correction_1.0.6",0,1773495104215010000
"ztf",59527.49510420021,"1773495104215010002",1,1773495104215,20.274115,-1,1773,0.38739514,18.973959,16.59062,"",18.9177,"",0.1529562,0.006925835,0.01703067,0.1146,"",186.4534358,33.5469142,0.9142857,"t17_f5_c3",0.9995783,19.0277,0.1567,672120142,true,true,false,"","correction_1.0.6",0,""
"ztf",59625.288587999996,"1871288584215010001",2,1871288584215,19.417696,-1,1871,0.8302669,19.085646,16.269238,"",19.1161,"",0.15661724,100,0.011702445,0.2788,"",186.4533597,33.5467431,0.86,"t17_f5_c3",0.99950504,19.425,0.4713,672120242,true,true,false,"","correction_1.0.6",0,""
"ztf",59676.359826399945,"1922359824215015012",2,1922359824215,19.94622,1,1922,0.87240356,18.582233,16.077168,"",18.6405,"",0.14711785,100,0.014643304,0.1004,"",186.4538529,33.5469721,0.70714283,"t17_f5_c3",0.99891156,18.5372,0.1126,672120242,true,true,false,"","correction_1.0.6",0,""
"ztf",59676.38599540014,"1922385994215015007",1,1922385994215,20.005903,1,1922,0.5635432,18.629004,16.335972,"",18.7044,"",0.12662162,0.009127108,0.015321279,0.0947,"",186.4537302,33.5469786,0.85571426,"t17_f5_c3",0.9996635,18.643,0.1103,672120142,true,true,false,"","correction_1.0.6",0,""
"ztf",59693.34276620019,"1939342764215015004",1,1939342764215,20.29666,1,1939,0.5536644,18.246153,16.281801,"",18.4323,"",0.09653463,0.0106260395,0.015810395,0.0775,"",186.4537471,33.5469358,0.93714285,"t17_f5_c3",0.9999992,18.4721,0.0991,672120142,true,true,false,"","correction_1.0.6",0,""
"ztf",59701.30113429995,"1947301134215010004",1,1947301134215,20.5213,-1,1947,0.6606065,19.153742,16.572327,"",19.15,"",0.12310924,100,0.011421545,0.119,"",186.4534006,33.5467745,0.9128571,"t17_f5_c3",0.9993961,19.0624,0.1341,672120142,true,true,false,"","correction_1.0.6",0,""
"ztf",59707.24567130022,"1953245674215015005",2,1953245674215,20.155296,1,1953,0.73647153,18.44796,16.063034,"",18.6972,"",0.11564456,100,0.0128574455,0.1055,"",186.4537383,33.5470485,0.8685714,"t17_f5_c3",0.9999851,18.671,0.1272,672120242,true,true,false,"","correction_1.0.6",0,""
"ztf",59711.204502299894,"1957204504215015004",1,1957204504215,19.609318,1,1957,0.63353306,18.531317,16.323673,"",18.747,"",0.15948412,0.016964301,0.02087661,0.1747,"",186.4537596,33.5469739,0.8314286,"t17_f5_c3",0.9986658,18.7296,0.2181,672120142,true,true,false,"","correction_1.0.6",0,""
"ztf",59711.27655090019,"1957276554215015007",2,1957276554215,19.43,1,1957,0.77850074,18.520466,16.07086,"",18.7728,"",0.16767935,0.0069883484,0.017564556,0.1852,"",186.4538019,33.5470022,0.79,"t17_f5_c3",0.9897438,18.7031,0.22,672120242,true,true,false,"","correction_1.0.6",0,""
"ztf",59718.20587959979,"1964205874215015011",2,1964205874215,20.45243,1,1964,0.6091074,18.252705,16.039507,"",18.2859,"",0.09961329,100,0.012972938,0.0725,"",186.4537218,33.5470122,0.88857144,"t17_f5_c3",0.99717367,18.2206,0.0838,672120242,true,true,false,"","correction_1.0.6",0,""
"ztf",59724.21609950019,"1970216094215010002",1,1970216094215,20.65025,-1,1970,0.68257576,18.923767,16.596355,"",18.7889,"",0.10932335,100,0.012815875,0.0927,"",186.4534434,33.5467368,0.8471429,"t17_f5_c3",0.9999232,18.7227,0.1071,672120142,true,true,false,"","correction_1.0.6",0,""
"ztf",59740.193136599846,"1986193134215010002",2,1986193134215,19.769264,-1,1986,0.4210724,18.70867,16.303448,"",19.1596,"",0.19733794,0.008070833,0.021533864,0.2367,"",186.4535586,33.5467754,0.6642857,"t17_f5_c3",0.99237704,19.1288,0.2909,672120242,true,true,false,"","1.1.2",0,""
"ztf",59876.52376159979,"2122523764215010003",2,2122523764215,19.544504,-1,2122,0.67950916,18.690197,16.305483,"",18.685,"",0.11412743,100,0.012691251,0.1459,"",186.4537359,33.5467571,0.9257143,"t17_f5_c3",0.9998679,18.4758,0.1517,672120242,true,true,false,"","1.1.6",0,""
"ztf",59876.52623840002,"2122526234215010003",2,2122526234215,19.542013,-1,2122,0.6733264,18.53253,16.324518,"",18.8403,"",0.1278528,100,0.016730381,0.1715,"",186.453434,33.5467441,0.91714287,"t17_f5_c3",0.99962974,19.0222,0.2559,672120242,true,true,false,"","1.1.6",0,""
"ztf",59876.52871529991,"2122528714215010002",2,2122528714215,19.634228,-1,2122,0.89063346,18.431192,16.338509,"",18.4923,"",0.15963662,0.010700353,0.023230506,0.1205,"",186.4533043,33.5467828,0.7442857,"t17_f5_c3",0.993417,18.2776,0.1246,672120242,true,true,false,"","1.1.6",0,""
"ztf",59876.53119210014,"2122531194215010003",2,2122531194215,19.616915,-1,2122,0.79850084,18.517542,16.326496,"",18.5219,"",0.13492464,100,0.017933816,0.1243,"",186.4533174,33.546825,0.9014286,"t17_f5_c3",0.99767005,18.4912,0.1524,672120242,true,true,false,"","1.1.6",0,""
"ztf",59878.52109949989,"2124521094215010001",2,2124521094215,19.777641,-1,2124,0.6147056,18.42966,16.338732,"",18.3783,"",0.107034385,100,0.015600961,0.1069,"",186.4533918,33.5468107,0.93714285,"t17_f5_c3",0.99999964,18.371,0.1337,672120242,true,true,false,"","1.1.6",0,""
"ztf",59878.52365740016,"2124523654215010001",2,2124523654215,19.785133,-1,2124,0.5118837,18.277721,16.362766,"",18.2835,"",0.090752855,100,0.015555284,0.0974,"",186.4534118,33.5468439,0.9514286,"t17_f5_c3",0.9999207,18.1937,0.113,672120242,true,true,false,"","1.1.6",0,""
"ztf",59878.526203699876,"2124526204215010002",2,2124526204215,19.779179,-1,2124,0.47549507,18.201174,16.376446,"",18.3573,"",0.08567239,100,0.015956938,0.1074,"",186.4534235,33.5468471,0.86,"t17_f5_c3",0.999956,18.2326,0.1207,672120242,true,true,false,"","1.1.6",0,""
"ztf",59878.53130789986,"2124531304215010002",2,2124531304215,19.801489,-1,2124,0.5041558,18.221104,16.372774,"",18.34,"",0.106296815,100,0.01937261,0.1061,"",186.4534202,33.5468328,0.95428574,"t17_f5_c3",0.9999968,18.3782,0.1387,672120242,true,true,false,"","1.1.6",0,""
"ztf",59879.52665509982,"2125526654215010003",2,2125526654215,19.555933,-1,2125,0.35839567,17.923939,16.436928,"",18.0413,"",0.077971675,100,0.019821301,0.0675,"",186.453565,33.5467925,0.89857143,"t17_f5_c3",0.9997587,17.9927,0.0812,672120242,true,true,false,"","1.1.6",0,""
"ztf",59879.53428239981,"2125534284215010002",2,2125534284215,19.677872,-1,2125,0.5081644,18.140356,16.388159,"",17.9427,"",0.097548,100,0.019424044,0.0697,"",186.4536205,33.5467554,0.92,"t17_f5_c3",0.9999999,17.8797,0.0827,672120242,true,true,false,"","1.1.6",0,""
"ztf",59893.492071799934,"2139492074215010003",2,2139492074215,18.7823,-1,2139,0.9694461,17.743198,16.488106,"",17.8167,"",0.11881857,0.028957741,0.03739793,0.0858,"",186.4533143,33.5467273,0.68714285,"t17_f5_c3",0.9959104,17.8324,0.1107,672120242,true,true,false,"","1.1.6",0,""
"ztf",59909.485694400035,"2155485694215010009",1,2155485694215,20.352278,-1,2155,0.45880684,19.020573,16.585552,"",18.8211,"",0.15672661,0.006085945,0.01663928,0.1111,"",186.4534105,33.5469,0.78,"t17_f5_c3",0.98952746,18.7973,0.1352,672120142,true,true,false,"","1.1.6",0,""
"ztf",59914.48712959979,"2160487124215010026",1,2160487124215,20.22439,-1,2160,0.64418644,18.476267,16.6633,"",18.5754,"",0.0934188,0.005711967,0.017589265,0.0764,"",186.4534719,33.546736,0.9085714,"t17_f5_c3",0.9998305,18.4858,0.0868,672120142,true,true,false,"","1.1.6",0,""
"ztf",59923.43239580002,"2169432394215010003",1,2169432394215,19.380234,-1,2169,0.32105052,18.513947,16.65635,"",18.5995,"",0.14756782,0.020924265,0.026665704,0.1854,"",186.4534572,33.5469056,0.92142856,"t17_f5_c3",0.9998081,18.478,0.2116,672120142,true,true,false,"","1.1.6",0,""
"ztf",59923.494386599865,"2169494384215010004",2,2169494384215,19.7579,-1,2169,0.810094,18.3633,16.348751,"",18.3303,"",0.084823,100,0.013264593,0.1097,"",186.4534619,33.5466854,0.922857,"t17_f5_c3","",18.337,0.1396,"",false,true,false,"","1.1.6",0,2176498514215010000
"ztf",59930.49851850001,"2176498514215010003",1,2176498514215,19.742332,-1,2176,0.79429746,18.819052,16.60932,"",18.5689,"",0.14036947,0.009260955,0.018339178,0.1196,"",186.4532975,33.5469092,0.83,"t17_f5_c3",0.99670434,18.5249,0.1449,672120142,true,true,false,"","1.1.6",0,""
"ztf",59933.435011600144,"2179435014215010005",1,2179435014215,19.977983,-1,2179,0.34668565,18.12775,16.743572,"",18.0132,"",0.08518785,0.01568179,0.023807077,0.0713,"",186.45348,33.5468328,0.87,"t17_f5_c3",0.9998945,17.9441,0.0839,672120142,true,true,false,"","1.1.6",0,""
"ztf",59933.50864579994,"2179508644215010002",2,2179508644215,19.09419,-1,2179,0.33702362,17.759598,16.482996,"",17.8313,"",0.12012334,0.028620802,0.03706692,0.1375,"",186.4534851,33.5468343,0.75857145,"t17_f5_c3",0.9999753,17.7702,0.1654,672120242,true,true,false,"","1.1.6",0,""
"ztf",59935.45281249983,"2181452814215010008",1,2181452814215,20.651493,-1,2181,0.3567072,18.21095,16.721416,"",18.1027,"",0.072071485,0.0051078564,0.018278876,0.0498,"",186.4534884,33.5468224,0.94,"t17_f5_c3",0.9999831,18.0948,0.0609,672120142,true,true,false,"","1.1.6",0,""
"ztf",59937.496076399926,"2183496074215010006",1,2183496074215,20.489483,-1,2183,0.32716233,17.992592,16.78456,"",17.9468,"",0.07055502,0.013848795,0.023190754,0.0419,"",186.4535488,33.5468085,0.94714284,"t17_f5_c3",0.99999934,17.9446,0.0516,672120142,true,true,false,"","1.1.6",0,""
"ztf",59937.50921300007,"2183509214215010003",2,2183509214215,20.357439,-1,2183,0.33136222,17.65011,16.519138,"",17.555,"",0.048607733,100,0.017152062,0.0334,"",186.4535532,33.5468015,0.95428574,"t17_f5_c3",0.9999998,17.5043,0.0393,672120242,true,true,false,"","1.1.6",0,""
"ztf",59953.466250000056,"2199466244215010066",2,2199466244215,17.990593,-1,2199,0.34739086,17.628353,16.52692,"",17.7572,"",0.13743576,0.04338058,0.049834102,0.3501,"",186.4535272,33.5468036,0.57714283,"t17_f5_c3",0.99987066,17.9382,0.5311,672120242,true,true,false,"","1.1.6",0,""
"ztf",59957.45378470002,"2203453784215010001",1,2203453784215,19.806763,-1,2203,0.27634397,18.00829,16.77945,"",18.0032,"",0.09404554,0.024017304,0.030325085,0.0813,"",186.4535088,33.5468378,0.94285715,"t17_f5_c3",0.99999714,18.0844,0.1112,672120142,true,true,false,"","1.1.6",0,""
"ztf",59957.46796299983,"2203467964215010000",2,2203467964215,19.489,-1,2203,0.118683,17.5523,16.555868,"",17.687,"",0.090083,0.02569249,0.035980776,0.0901,"",186.4535356,33.5469017,0.44,"t17_f5_c3","",17.6757,0.1135,"",false,true,false,"","1.1.6",0,2213426434215010000
"ztf",59967.42643520003,"2213426434215010005",2,2213426434215,19.728725,-1,2213,0.58684444,17.56334,16.55149,"",17.6648,"",0.07987866,0.018973894,0.03145511,0.041,"",186.4535527,33.546729,0.8371429,"t17_f5_c3",0.9998228,17.6405,0.0499,672120242,true,true,false,"","1.1.6",0,""
"ztf",59969.39234950021,"2215392344215010003",1,2215392344215,20.339346,-1,2215,0.37885672,18.31075,16.697498,"",18.3012,"",0.10743356,0.017215531,0.024313072,0.0602,"",186.4534938,33.5468113,0.8642857,"t17_f5_c3",0.9999306,18.2988,0.0743,672120142,true,true,false,"","1.1.6",0,""
"ztf",59971.391979199834,"2217391974215010005",1,2217391974215,20.360855,-1,2217,0.30393532,17.899633,16.816938,"",17.9229,"",0.06824052,0.016324133,0.025174694,0.0421,"",186.4535154,33.5468249,0.95857143,"t17_f5_c3",0.99998975,17.8951,0.0506,672120142,true,true,false,"","1.1.6",0,""
"ztf",59977.375405100174,"2223375404215010002",2,2223375404215,19.591797,-1,2223,0.37188444,17.466045,16.59233,"",17.4973,"",0.055229094,100,0.024699159,0.0462,"",186.4535406,33.5467923,0.9557143,"t17_f5_c3",0.9998274,17.4079,0.0537,672120242,true,true,false,"","1.1.6",0,""
"ztf",59977.48238429986,"2223482384215010006",1,2223482384215,19.833696,-1,2223,0.35085064,18.004133,16.780792,"",17.8571,"",0.083795294,0.019846372,0.027157094,0.059,"",186.4535031,33.5468157,0.94714284,"t17_f5_c3",0.99999297,17.8137,0.0716,672120142,true,true,false,"","1.1.6",0,""
"ztf",59980.408402800094,"2226408404215010003",1,2226408404215,19.616327,-1,2226,0.21091294,18.093552,16.753325,"",18.0544,"",0.088369705,0.018293867,0.025716541,0.1074,"",186.4535345,33.5468461,0.8414286,"t17_f5_c3",0.99993837,18.0052,0.1309,672120142,true,true,false,"","1.1.6",0,""
"ztf",59980.42814810015,"2226428144215010002",2,2226428144215,19.699327,-1,2226,0.26771507,17.657604,16.516506,"",17.5488,"",0.049889944,100,0.017441088,0.0591,"",186.4535495,33.5468206,0.94285715,"t17_f5_c3",0.9999994,17.4696,0.0698,672120242,true,true,false,"","1.1.6",0,""
"ztf",59985.4091897998,"2231409184215010002",2,2231409184215,19.901506,-1,2231,0.2759731,18.113722,16.393541,"",18.0675,"",0.07840984,100,0.016080461,0.0734,"",186.453492,33.5468568,0.94285715,"t17_f5_c3",0.9999993,18.1683,0.1013,672120242,true,true,false,"","1.1.6",0,""
"ztf",59985.43482640013,"2231434824215010003",1,2231434824215,19.64645,-1,2231,0.49551526,18.487568,16.661186,"",18.4368,"",0.10893187,0.011606778,0.020258257,0.1056,"",186.4534885,33.5467758,0.95285714,"t17_f5_c3",0.9999674,18.4856,0.14,672120142,true,true,false,"","1.1.6",0,""
"ztf",59993.36344909994,"2239363444215010001",2,2239363444215,19.91925,-1,2239,0.3565793,17.579931,16.545025,"",17.6364,"",0.06031952,100,0.02325389,0.053,"",186.4535238,33.546802,0.9457143,"t17_f5_c3",1,17.6104,0.0648,672120242,true,true,false,"","1.1.6",0,""
"ztf",59996.37526619993,"2242375264215010001",2,2242375264215,18.433994,-1,2242,0.45494196,17.80248,16.470098,"",18.3282,"",0.20185961,0.054398745,0.05916928,0.3795,"",186.4534998,33.5467812,0.66714287,"t17_f5_c3",0.9999721,18.4719,0.5532,672120242,true,true,false,"","1.1.6",0,""
"ztf",59996.39204860013,"2242392044215010007",1,2242392044215,18.888468,-1,2242,0.32569486,17.9445,16.800844,"",18.2343,"",0.18134941,0.06036452,0.063248985,0.2439,"",186.4534652,33.5468619,0.5757143,"t17_f5_c3",0.9982314,18.1514,0.2876,672120142,true,true,false,"","1.1.6",0,""
"ztf",60016.330000000075,"2262330004215010001",1,2262330004215,18.1775,-1,2262,0.399915,18.074,16.75908,"",18.3377,"",0.284927,0.08290454,0.08487237,0.459,"",186.4534305,33.5468957,0.544286,"t17_f5_c3","",18.5495,0.7143,"",false,true,false,"","1.1.6",0,2266499394215010000
"ztf",60016.34552079998,"2262345524215010002",2,2262345524215,16.8887,-1,2262,0.424639,17.1012,16.80596,"",16.6219,"",0.269491,0.20286383,0.20532788,0.2834,"",186.4536044,33.5467763,0.56,"t17_f5_c3","",16.4226,0.3029,"",false,true,false,"","1.1.6",0,2266499394215010000
"ztf",60020.49939810019,"2266499394215010012",1,2266499394215,19.941622,-1,2266,0.61660784,18.708292,16.624662,"",18.9053,"",0.13080935,0.010521569,0.019194942,0.1514,"",186.4534668,33.5467469,0.79714286,"t17_f5_c3",0.9998934,18.8649,0.1825,672120142,true,true,false,"","1.1.6",0,""
"ztf",60029.39520830009,"2275395204215010004",1,2275395204215,20.280693,-1,2275,0.5010452,18.256922,16.71006,"",18.2421,"",0.069918305,100,0.016820777,0.0572,"",186.4535809,33.5467592,0.95428574,"t17_f5_c3",0.99999225,18.2355,0.0702,672120142,true,true,false,"","1.1.6",0,""
"ztf",60032.301342600025,"2278301344215010004",1,2278301344215,20.354513,-1,2278,0.50183153,18.424484,16.673332,"",18.27,"",0.090874314,0.0067932424,0.01811259,0.0653,"",186.4534717,33.5467821,0.8585714,"t17_f5_c3",0.99906135,18.1992,0.0761,672120142,true,true,false,"","1.1.6",0,""
"ztf",60042.25662040012,"2288256624215010000",1,2288256624215,19.019106,-1,2288,0.34762007,18.108347,16.749056,"",18.1519,"",0.11058034,0.025994368,0.031619992,0.1862,"",186.4534813,33.5468314,0.81142855,"t17_f5_c3",0.9999629,18.1363,0.2348,672120142,true,true,false,"","1.1.6",0,""
"ztf",60042.30983800022,"2288309834215010013",2,2288309834215,19.273237,-1,2288,0.23137371,17.61864,16.530464,"",17.6172,"",0.0725156,0.010147261,0.026617086,0.0928,"",186.4535323,33.5468382,0.7728571,"t17_f5_c3",0.9999994,17.7598,0.135,672120242,true,true,false,"","1.1.6",0,""
"ztf",60046.25501159998,"2292255014215010007",1,2292255014215,20.926517,-1,2292,0.16495557,18.048153,16.766901,"",17.9967,"",0.087075695,0.01951546,0.026754452,0.0387,"",186.4535193,33.5468735,0.87,"t17_f5_c3",0.99999523,17.9659,0.0458,672120142,true,true,false,"","1.1.6",0,""
"ztf",60050.34923609998,"2296349234215010006",1,2296349234215,20.62299,-1,2296,0.23642007,18.121101,16.745438,"",17.9696,"",0.10021583,0.02179041,0.028227378,0.0429,"",186.4534999,33.5468616,0.93714285,"t17_f5_c3",0.99996305,17.9225,0.0505,672120142,true,true,false,"","1.1.6",0,""
"ztf",60052.34099540021,"2298340994215010007",1,2298340994215,20.736504,-1,2298,0.38569862,17.898495,16.817358,"",17.8699,"",0.057287008,0.008963838,0.021164188,0.0354,"",186.453533,33.5467945,0.9614286,"t17_f5_c3",0.99999547,17.8425,0.0419,672120142,true,true,false,"","1.1.6",0,""
"ztf",60054.345891200006,"2300345894215010004",1,2300345894215,20.264538,-1,2300,0.6307228,18.089008,16.75465,"",17.987,"",0.07912851,0.01444107,0.023152066,0.0472,"",186.4534982,33.5467313,0.93,"t17_f5_c3",0.9999888,17.9521,0.0567,672120142,true,true,false,"","1.1.6",0,""
"ztf",60058.32206019992,"2304322064215010002",1,2304322064215,20.706917,-1,2304,0.66392976,18.697659,16.626232,"",18.5535,"",0.12580778,0.0094904145,0.018669667,0.0706,"",186.4534177,33.5467592,0.84,"t17_f5_c3",0.9974549,18.5091,0.0829,672120142,true,true,false,"","1.2.0",0,""
"ztf",60062.42971060006,"2308429714215010005",1,2308429714215,20.25834,-1,2308,0.21647306,18.169176,16.732271,"",18.1566,"",0.10324998,0.021006886,0.027487049,0.0656,"",186.453558,33.546839,0.88857144,"t17_f5_c3",0.9999932,18.1684,0.0828,672120142,true,true,false,"","1.2.0",0,""
"ztf",60067.28302079998,"2313283024215010002",1,2313283024215,19.094421,-1,2313,0.3818607,18.064947,16.761793,"",18.2878,"",0.09263239,0.021124145,0.027893368,0.1456,"",186.4535341,33.5467954,0.93857145,"t17_f5_c3",0.9999746,18.2129,0.1735,672120142,true,true,false,"","1.2.0",0,""